Experience_in_Months,Attrition_Status,Gender,Employee_Age,Employee_Industry,Employee_Profession,Source_of_Hire,Coach,Head_Supervisor_Gender,Wage_Color,Way_to_Work,Extraversion,Agreeableness,Conscientiousness,Neuroticism,Openness
7.030800821,1,m,35,Banking,HR,Recommendation,no,f,white,bus,6.2,4.1,5.7,7.1,8.3
22.9650924,1,m,33,Banking,HR,JobSite,no,m,white,bus,6.2,4.1,5.7,7.1,8.3
15.93429158,1,f,35,PowerGeneration,HR,Recommendation,no,m,white,bus,6.2,6.2,2.6,4.8,8.3
15.93429158,1,f,35,PowerGeneration,HR,Recommendation,no,m,white,bus,5.4,7.6,4.9,2.5,6.7
8.410677618,1,m,32,Retail,Commercial,JobSiteVacantPosition,yes,f,white,bus,3,4.1,8,7.1,3.7
8.969199179,1,f,42,Manufacturing,HR,JobSite,yes,m,white,bus,6.2,6.2,4.1,5.6,6.7
8.969199179,1,f,42,Manufacturing,HR,JobSite,yes,m,white,bus,6.2,6.2,4.1,5.6,6.7
120.4435318,1,f,28,Retail,HR,EmployeeRecommendation,no,m,white,bus,3.8,5.5,8,4,4.4
8.607802875,1,f,29,Banking,HR,JobSite,no,f,white,bus,8.6,6.9,2.6,4,7.5
4.435318275,1,f,30,Consulting,Marketing,JobSiteVacantPosition,yes,m,white,bus,5.4,5.5,3.3,7.9,8.3
67.35112936,1,f,40,Manufacturing,HR,Recommendation,no,m,white,car,8.6,4.1,1.8,7.1,6.7
20.92813142,1,m,23,Banking,HR,EmployeeRecommendation,yes,m,white,bus,3,6.9,4.9,4.8,7.5
20.92813142,1,f,22,Consulting,HR,Recommendation,supervisor,f,white,foot,5.4,8.4,4.9,3.3,6
8.936344969,1,f,24,State,Etc,Advertising,yes,f,white,foot,7,6.2,4.1,7.1,9
33.57700205,1,f,25,Etc,HR,RecruitingAgency,supervisor,f,white,foot,9.4,1.2,4.1,5.6,6.7
16.39425051,1,f,28,Building,HR,JobSiteVacantPosition,no,m,white,car,8.6,5.5,4.9,4.8,5.2
15.34291581,1,f,30,Banking,HR,Recommendation,no,m,white,bus,5.4,5.5,3.3,4.8,6.7
26.4476386,1,f,27,IT,Sales,EmployeeRecommendation,yes,m,white,bus,5.4,6.9,2.6,5.6,8.3
14.71868583,1,f,36,Banking,HR,EmployeeRecommendation,yes,f,grey,bus,5.4,6.9,3.3,3.3,7.5
45.37166324,1,f,29,Etc,HR,EmployeeRecommendation,no,m,white,bus,7.8,6.2,6.4,7.9,6
45.37166324,1,f,29,Etc,HR,EmployeeRecommendation,no,m,white,bus,3.8,3.4,5.7,8.7,7.5
36.96098563,1,f,48,State,BusinessDevelopment,JobSite,no,f,white,bus,4.6,6.2,4.9,5.6,6.7
22.47227926,1,f,29,Banking,Finance,RecruitingAgency,no,f,white,car,7.8,4.8,5.7,7.1,6
59.20328542,1,f,25,Banking,HR,FriendRecommendation,yes,f,white,bus,5.4,4.8,7.2,5.6,5.2
59.20328542,1,f,25,Banking,HR,FriendRecommendation,yes,f,white,bus,4.6,4.1,8.7,5.6,2.1
12.38603696,1,f,36,Banking,Finance,Recommendation,no,m,white,car,7.8,6.9,3.3,3.3,7.5
24.3449692,1,f,36,Retail,HR,Recommendation,supervisor,m,white,bus,7.8,2.6,5.7,7.1,5.2
11.95893224,1,m,29,Banking,HR,Recommendation,no,f,white,car,3.8,1.9,9.5,7.9,3.7
3.252566735,1,f,35,HoReCa,HR,JobSite,supervisor,f,white,bus,3,7.6,7.2,4,7.5
3.252566735,1,f,35,HoReCa,HR,JobSite,supervisor,f,white,bus,1.4,8.4,8,4.8,6
14.58726899,1,f,21,Telecom,Sales,Recommendation,yes,f,white,bus,8.6,4.1,4.9,5.6,6
16.91991786,1,m,35,Etc,Sales,JobSiteVacantPosition,no,m,white,car,4.6,3.4,4.1,8.7,4.4
28.15605749,1,f,25,Etc,Etc,EmployeeRecommendation,supervisor,f,white,bus,3.8,6.9,6.4,7.1,7.5
60.94455852,1,f,30.40033257,Retail,HR,JobSiteVacantPosition,no,m,white,bus,7,6.2,4.1,2.5,6.7
87.68788501,1,f,29,Consulting,HR,Recommendation,no,f,white,bus,7,6.2,4.1,4,9
43.4661191,1,f,22,Pharma,HR,Recommendation,no,m,white,bus,3,4.1,8.7,7.1,6
22.73511294,1,f,34,Retail,HR,RecruitingAgency,no,m,white,car,5.4,5.5,4.9,4.8,4.4
22.73511294,1,f,34,Retail,HR,RecruitingAgency,no,m,white,car,6.2,6.2,4.9,3.3,2.9
22.73511294,1,f,34,Retail,HR,RecruitingAgency,no,m,white,car,5.4,5.5,4.9,4.8,4.4
22.73511294,1,f,34,Retail,HR,RecruitingAgency,no,m,white,car,6.2,6.2,4.9,3.3,2.9
13.07597536,1,f,21,Etc,HR,JobSite,no,f,white,bus,5.4,7.6,4.9,3.3,2.1
7.589322382,1,f,22,Etc,HR,JobSiteVacantPosition,yes,f,grey,car,7,4.8,6.4,4,4.4
36.23819302,1,f,32,Retail,HR,JobSiteVacantPosition,no,m,white,car,3,7.6,7.2,4.8,2.9
19.08829569,1,f,36,Pharma,Etc,JobSite,no,f,white,car,4.6,7.6,5.7,5.6,8.3
4.369609856,1,f,30,Banking,HR,JobSiteVacantPosition,no,m,white,bus,6.2,3.4,8,3.3,3.7
80.98562628,1,f,32,Retail,HR,Recommendation,supervisor,m,white,bus,3.8,6.2,8,4,6
9.100616016,1,f,33,Retail,HR,JobSite,no,m,white,car,7,4.8,4.1,7.1,8.3
36.92813142,1,f,49,State,BusinessDevelopment,JobSite,supervisor,f,white,bus,4.6,6.2,4.9,5.6,6.7
3.975359343,1,f,29,Retail,HR,JobSite,yes,m,white,bus,7.8,5.5,5.7,4,5.2
3.975359343,1,f,29,Retail,HR,JobSite,yes,m,white,bus,6.2,6.2,5.7,6.3,2.9
3.975359343,1,f,29,Retail,HR,JobSite,yes,m,white,bus,7,6.2,5.7,4,3.7
7.589322382,1,m,36,Mining,HR,JobSite,no,m,white,foot,4.6,4.8,7.2,6.3,7.5
95.21149897,1,f,22,State,Teaching,Advertising,supervisor,m,white,bus,8.6,4.8,4.9,4,6.7
41.69199179,1,f,21,Transportation,HR,JobSite,yes,f,white,foot,7.8,5.5,2.6,7.1,9
14.9486653,1,f,25,Retail,HR,JobSite,no,f,white,bus,8.6,6.2,3.3,6.3,6
50.72689938,1,m,38,Manufacturing,HR,Recommendation,no,m,white,car,6.2,3.4,7.2,6.3,3.7
50.72689938,1,m,38,Manufacturing,HR,Recommendation,no,m,white,car,7,5.5,5.7,6.3,6
35.28542094,1,f,23,Consulting,HR,JobSite,yes,f,white,bus,10,4.8,4.1,5.6,8.3
35.28542094,1,f,23,Consulting,HR,JobSite,yes,f,white,bus,8.6,4.8,4.1,6.3,9
35.94250513,1,m,38,Banking,BusinessDevelopment,FriendRecommendation,no,m,white,car,8.6,3.4,6.4,4,6
15.57289528,1,f,24,Retail,HR,JobSiteVacantPosition,no,f,white,foot,6.2,7.6,3.3,3.3,6.7
15.57289528,1,f,24,Retail,HR,JobSiteVacantPosition,no,f,white,foot,6.2,7.6,3.3,3.3,6.7
52.96098563,1,f,36,Manufacturing,HR,Recommendation,supervisor,m,white,car,4.6,4.1,8,5.6,6
7.819301848,1,f,21,State,Sales,Advertising,supervisor,m,grey,bus,4.6,5.5,7.2,3.3,5.2
81.83983573,1,f,29,Telecom,HR,Recommendation,supervisor,f,white,foot,3.8,6.9,6.4,5.6,8.3
55.72073922,1,f,29,Banking,HR,JobSite,supervisor,f,white,bus,7,6.2,4.1,4,4.4
4.336755647,1,f,26,Manufacturing,HR,EmployeeRecommendation,no,f,white,car,3.8,4.8,5.7,7.9,2.9
18.95687885,1,m,36,Etc,Management,Recommendation,supervisor,m,white,car,6.2,4.1,6.4,6.3,5.2
18.95687885,1,m,36,Etc,Management,Recommendation,supervisor,m,white,car,8.6,2.6,7.2,4.8,4.4
53.81519507,1,f,30.40033257,State,Teaching,FriendRecommendation,no,m,white,foot,4.6,9.1,4.1,4,6
90.51334702,1,f,22,State,HR,EmployeeRecommendation,supervisor,f,white,bus,6.2,5.5,3.3,6.3,6.7
40.57494867,1,m,29,Banking,Marketing,Recommendation,no,f,white,bus,6.2,4.8,6.4,5.6,5.2
59.49897331,1,f,23,State,Teaching,Advertising,no,f,white,bus,7,5.5,3.3,6.3,5.2
6.603696099,1,m,22,Manufacturing,Management,Advertising,no,f,white,foot,7.8,5.5,1,9.4,9
44.78028747,1,f,36,Etc,HR,Recommendation,no,m,white,bus,7.8,4.8,4.9,5.6,9
6.669404517,1,m,27,State,Teaching,Recommendation,no,f,white,bus,6.2,5.5,6.4,4,4.4
15.70431211,0,f,34,Retail,HR,JobSite,no,f,white,car,8.6,5.5,4.1,5.6,6.7
15.70431211,0,f,34,Retail,HR,JobSite,no,f,white,car,8.6,3.4,4.1,7.1,6
15.70431211,0,f,34,Retail,HR,JobSite,no,f,white,car,7.8,4.1,4.1,7.1,6.7
59.20328542,1,f,25,Banking,HR,FriendRecommendation,no,f,white,bus,5.4,4.8,7.2,5.6,5.2
59.20328542,1,f,25,Banking,HR,FriendRecommendation,no,f,white,bus,4.6,4.1,8.7,5.6,2.1
17.3798768,1,f,24,Consulting,HR,Recommendation,no,f,white,bus,5.4,6.9,4.9,4,6.7
38.86652977,1,f,27,Retail,Etc,EmployeeRecommendation,yes,m,white,bus,5.4,6.9,2.6,5.6,8.3
7.950718686,1,f,34,Banking,BusinessDevelopment,RecruitingAgency,supervisor,m,white,car,7,6.2,7.2,2.5,5.2
7.950718686,1,f,34,Banking,BusinessDevelopment,RecruitingAgency,supervisor,m,white,car,8.6,6.9,5.7,3.3,4.4
96.52566735,1,f,24,IT,HR,RecruitingAgency,no,f,white,bus,6.2,4.8,7.2,4,6.7
86.53798768,1,f,23,State,Teaching,EmployeeRecommendation,yes,f,white,bus,3.8,6.9,8,1.7,2.1
52.862423,1,f,38,Telecom,HR,JobSiteVacantPosition,no,m,white,car,4.6,5.5,7.2,6.3,7.5
17.57700205,1,f,25,Banking,HR,JobSite,no,m,white,bus,6.2,6.2,5.7,5.6,7.5
17.57700205,1,f,25,Banking,HR,JobSite,no,m,white,bus,6.2,7.6,4.1,4.8,9
25.06776181,1,f,28,Manufacturing,HR,JobSiteVacantPosition,supervisor,m,white,bus,6.2,4.8,4.1,4,6.7
86.83367556,1,f,29,Manufacturing,HR,Recommendation,supervisor,f,white,car,7,5.5,1.8,6.3,6
13.10882957,1,m,26,Etc,Commercial,Recommendation,no,m,white,car,6.2,4.1,4.9,6.3,2.9
26.18480493,1,m,21,Etc,Marketing,EmployeeRecommendation,no,m,white,bus,4.6,6.9,4.1,5.6,6
9.626283368,1,f,25,Consulting,HR,JobSiteVacantPosition,supervisor,f,white,bus,5.4,6.9,5.7,3.3,2.9
9.889117043,1,f,25,Consulting,HR,JobSiteVacantPosition,supervisor,f,white,bus,5.4,6.9,5.7,3.3,2.9
3.351129363,1,f,24,Consulting,HR,JobSiteVacantPosition,no,f,white,bus,4.6,6.9,5.7,5.6,2.9
15.3100616,1,f,31,State,HR,Recommendation,no,m,grey,bus,2.2,1,8,8.7,3.7
80.06570842,1,f,45,Retail,HR,JobSite,no,f,white,bus,3,5.5,10,6.3,2.9
16.78850103,1,f,21,Etc,Etc,Recommendation,supervisor,f,white,bus,7,6.9,5.7,4,5.2
19.44969199,1,f,22,Etc,HR,JobSiteVacantPosition,supervisor,f,white,bus,5.4,6.2,4.1,8.7,8.3
9.034907598,1,f,37,Mining,Commercial,RecruitingAgency,yes,m,white,bus,3.8,7.6,4.9,7.1,9
18.49691992,1,f,32,Etc,HR,JobSite,supervisor,m,white,bus,7.8,6.2,3.3,4,8.3
53.19096509,1,f,37,Manufacturing,HR,Recommendation,supervisor,m,white,bus,7,4.8,5.7,6.3,8.3
42.57905544,1,f,30,Retail,HR,RecruitingAgency,no,f,white,bus,6.2,6.2,5.7,5.6,8.3
23.6550308,1,f,37,Transportation,HR,JobSiteVacantPosition,no,m,white,bus,6.2,5.5,5.7,6.3,9
41.29774127,1,f,22,Pharma,HR,Recommendation,no,m,white,bus,3.8,1.9,8.7,6.3,4.4
41.29774127,1,f,22,Pharma,HR,Recommendation,no,m,white,bus,5.4,2.6,8,7.1,5.2
123.3347023,1,f,22,Banking,IT,EmployeeRecommendation,supervisor,m,white,bus,4.6,4.8,6.4,7.1,6
123.3347023,1,f,22,Banking,IT,EmployeeRecommendation,supervisor,m,white,bus,4.6,6.2,6.4,4,6.7
13.17453799,1,m,28,Telecom,IT,Recommendation,no,m,white,car,8.6,6.2,1,5.6,6.7
13.17453799,1,m,28,Telecom,IT,Recommendation,no,m,white,car,7,6.2,2.6,5.6,8.3
14.85010267,1,m,25,Manufacturing,HR,JobSite,supervisor,f,white,car,6.2,5.5,5.7,5.6,4.4
24.24640657,1,f,23,Building,Marketing,Recommendation,supervisor,f,white,bus,3.8,7.6,7.2,2.5,4.4
12.09034908,1,m,25,Building,HR,JobSiteVacantPosition,yes,f,white,bus,7,4.8,4.9,5.6,6
11.49897331,1,f,26,Banking,HR,JobSiteVacantPosition,no,f,white,bus,4.6,6.2,5.7,4,6
11.49897331,1,f,26,Banking,HR,JobSiteVacantPosition,no,f,white,bus,4.6,5.5,6.4,5.6,5.2
27.36755647,1,m,30,Retail,Sales,JobSiteVacantPosition,no,m,white,car,7,4.8,1.8,8.7,6.7
15.54004107,1,m,38,IT,IT,EmployeeRecommendation,no,m,white,car,6.2,4.1,1.8,8.7,8.3
4.960985626,1,f,37,State,Marketing,FriendRecommendation,no,f,white,foot,9.4,4.1,4.9,4,8.3
19.8110883,1,f,26,Agriculture,Law,Recommendation,no,m,grey,bus,5.4,4.8,8.7,5.6,2.9
103.3921971,1,f,27,Banking,HR,JobSiteVacantPosition,no,f,white,car,3.8,4.8,9.5,6.3,3.7
3.975359343,1,f,29,Retail,Etc,JobSite,no,m,white,bus,7.8,5.5,5.7,4,5.2
3.975359343,1,f,29,Retail,Etc,JobSite,no,m,white,bus,6.2,6.2,5.7,6.3,2.9
3.975359343,1,f,29,Retail,Etc,JobSite,no,m,white,bus,7,6.2,5.7,4,3.7
70.93223819,1,f,26,Manufacturing,HR,Recommendation,no,m,white,bus,3.8,5.5,8.7,3.3,3.7
70.93223819,1,f,26,Manufacturing,HR,Recommendation,no,m,white,bus,3,6.9,6.4,3.3,2.9
51.94250513,1,f,49,Manufacturing,HR,JobSite,supervisor,m,white,bus,6.2,8.4,3.3,3.3,6
38.76796715,1,m,21,Banking,HR,FriendRecommendation,yes,f,white,foot,7.8,6.2,2.6,5.6,9
38.76796715,1,m,21,Banking,HR,FriendRecommendation,yes,f,white,foot,7,3.4,3.3,7.1,8.3
34.95687885,1,m,26,Mining,HR,JobSite,yes,f,white,car,4.6,3.4,8.7,7.9,7.5
49.3798768,1,f,22,Etc,Marketing,Recommendation,no,f,grey,car,5.4,6.9,6.4,4,4.4
25.65913758,1,m,51,Retail,Etc,EmployeeRecommendation,no,m,white,car,3,5.5,9.5,5.6,5.2
50.72689938,1,f,28,Manufacturing,Finance,Recommendation,no,m,white,car,7.8,3.4,6.4,4,4.4
22.07802875,1,m,52,Consulting,Consulting,Recommendation,no,m,white,foot,3,9.1,4.9,6.3,6.7
11.07186858,1,f,43,Pharma,HR,JobSiteVacantPosition,supervisor,f,white,car,4.6,5.5,3.3,7.9,7.5
50.59548255,1,f,44,Manufacturing,HR,Recommendation,no,m,grey,car,7,6.9,4.9,3.3,6
17.41273101,1,f,45,Manufacturing,Engineer,Recommendation,supervisor,f,white,bus,3.8,4.1,7.2,5.6,3.7
24.41067762,1,f,27,Building,HR,Recommendation,no,f,white,bus,3.8,9.8,4.1,4,9
23.88501027,1,f,26,Retail,HR,JobSiteVacantPosition,supervisor,f,white,bus,7,5.5,4.1,4.8,7.5
20.04106776,1,f,25,Manufacturing,HR,Advertising,yes,f,white,car,9.4,3.4,1.8,8.7,7.5
150.9979466,1,f,19,Banking,HR,Advertising,yes,m,white,foot,7,3.4,5.7,7.9,6.7
10.7761807,1,f,31,Etc,HR,Recommendation,no,m,white,bus,9.4,3.4,1,8.7,9.8
78.68583162,1,f,31,Banking,HR,Recommendation,no,f,grey,bus,3.8,4.1,7.2,8.7,2.1
78.68583162,1,f,31,Banking,HR,Recommendation,no,f,grey,bus,3.8,4.1,7.2,8.7,2.1
81.18275154,1,f,31,RealEstate,HR,EmployeeRecommendation,supervisor,f,white,bus,6.2,4.8,8.7,6.3,5.2
13.40451745,1,f,30.40033257,Etc,HR,JobSiteVacantPosition,no,f,white,bus,6.2,4.1,6.4,6.3,1
13.40451745,1,f,30.40033257,Etc,HR,JobSiteVacantPosition,no,f,white,bus,7,6.9,4.1,6.3,3.7
142.4558522,1,f,18,Retail,HR,Advertising,no,f,white,bus,6.2,5.5,6.4,4.8,5.2
10.94045175,1,m,33,IT,Consulting,JobSiteVacantPosition,yes,m,white,car,3,10,5.7,6.3,8.3
12.05749487,1,f,36,Retail,Sales,JobSiteVacantPosition,no,m,white,bus,5.4,4.8,4.9,4.8,6
54.07802875,1,f,31,Etc,HR,JobSite,supervisor,m,white,car,3,5.5,7.2,5.6,6
5.650924025,1,f,45,IT,HR,Recommendation,no,m,white,car,7.8,4.8,4.1,4,6
19.84394251,1,f,29,Retail,HR,JobSite,supervisor,f,white,car,8.6,6.9,4.9,3.3,6
79.86858316,1,m,23,Banking,HR,Recommendation,no,f,white,bus,5.4,5.5,5.7,8.7,5.2
8.772073922,1,f,27,Retail,HR,Recommendation,supervisor,f,white,car,6.2,4.8,6.4,6.3,2.9
19.18685832,1,f,22,Retail,Sales,JobSiteVacantPosition,yes,m,grey,bus,8.6,4.1,4.9,4.8,5.2
7.589322382,1,m,47,Manufacturing,Commercial,JobSite,no,m,grey,bus,3.8,1.9,8.7,8.7,2.1
7.589322382,1,m,47,Manufacturing,Commercial,JobSite,no,m,grey,bus,4.6,4.1,5.7,9.4,3.7
7.589322382,1,m,47,Manufacturing,Commercial,JobSite,no,m,grey,bus,3,5.5,4.9,9.4,4.4
10.84188912,1,f,30.40033257,Consulting,HR,JobSiteVacantPosition,no,m,white,bus,7.8,5.5,4.9,7.1,6
51.08829569,1,f,28,Transportation,HR,Recommendation,supervisor,f,white,car,4.6,6.9,4.9,4,6
128.0657084,0,f,43,Manufacturing,HR,Recommendation,supervisor,m,white,bus,4.6,7.6,4.9,5.6,6
28.35318275,1,m,26,Consulting,Consulting,EmployeeRecommendation,no,f,white,bus,8.6,5.5,4.1,7.1,6.7
4.533880903,1,f,31,Retail,Sales,RecruitingAgency,no,f,grey,bus,5.4,5.5,7.2,4.8,1.3
17.93839836,1,m,24,Retail,HR,JobSite,supervisor,f,grey,bus,4.6,7.6,6.4,4.8,6.7
23.45790554,1,f,27,Building,HR,Recommendation,no,f,white,bus,3.8,9.8,4.1,4,9
16.22997947,1,m,35,Retail,HR,Recommendation,no,m,white,car,6.2,5.5,5.7,4,2.9
16.22997947,1,m,35,Retail,HR,Recommendation,no,m,white,car,7,4.8,2.6,5.6,6
71.2936345,1,f,31,PowerGeneration,HR,JobSiteVacantPosition,supervisor,f,white,car,5.4,4.1,6.4,4.8,4.4
9.527720739,1,m,23,IT,HR,JobSite,no,f,white,bus,7,4.1,6.4,4.8,5.2
17.01848049,1,f,40,Banking,Sales,Advertising,supervisor,f,white,car,5.4,4.1,4.9,6.3,7.5
130.9897331,1,f,31,IT,HR,RecruitingAgency,no,m,white,bus,5.4,6.9,3.3,4,8.3
37.09240246,1,f,37,Etc,HR,JobSiteVacantPosition,yes,f,white,bus,6.2,6.2,6.4,5.6,5.2
0.427104723,1,f,24,IT,HR,JobSiteVacantPosition,yes,f,white,bus,8.6,4.1,4.9,3.3,6
12.8788501,1,f,23,Building,HR,JobSite,no,f,grey,bus,5.4,8.4,4.1,4.8,6
12.8788501,1,f,23,Building,HR,JobSite,no,f,grey,bus,7.8,5.5,4.1,4.8,5.2
8.147843943,1,f,46,RealEstate,HR,Recommendation,no,m,white,car,4.6,7.6,6.4,4,6
7.326488706,1,f,23,Consulting,Marketing,JobSiteVacantPosition,yes,f,white,bus,6.2,4.8,5.7,3.3,3.7
17.93839836,1,f,40,IT,HR,JobSite,yes,m,white,bus,3,8.4,7.2,4.8,8.3
14.6201232,1,m,39,Manufacturing,Engineer,FriendRecommendation,no,m,white,car,3.8,4.8,5.7,7.9,3.7
16,1,f,28,Retail,HR,JobSiteVacantPosition,no,f,white,car,3,5.5,6.4,5.6,3.7
32.45995893,1,m,40,Etc,HR,JobSite,yes,m,white,car,5.4,3.4,5.7,7.9,9.8
73.49486653,1,m,33,Retail,Finance,Recommendation,no,f,white,bus,2.2,6.2,6.4,6.3,5.2
73.49486653,1,m,33,Retail,Finance,Recommendation,no,f,white,bus,3.8,4.1,8,6.3,4.4
11.8275154,1,f,24,Banking,HR,EmployeeRecommendation,no,f,white,foot,7.8,6.2,4.9,1.7,3.7
46.35728953,1,f,38,Retail,HR,Recommendation,no,m,white,bus,6.2,4.1,4.9,5.6,6.7
52.50102669,1,m,35,Manufacturing,BusinessDevelopment,Recommendation,no,m,white,car,5.4,4.8,4.1,7.9,7.5
14.98151951,1,f,33,Manufacturing,HR,EmployeeRecommendation,supervisor,m,white,car,4.6,4.8,7.2,7.9,6
26.21765914,1,f,36,Etc,HR,JobSite,no,m,white,foot,3,6.9,6.4,4.8,6
26.21765914,1,f,36,Etc,HR,JobSite,no,m,white,foot,2.2,6.9,8,6.3,3.7
26.21765914,1,f,36,Etc,HR,JobSite,no,m,white,foot,3,6.9,7.2,4.8,5.2
29.07597536,1,f,22,Etc,HR,JobSiteVacantPosition,yes,f,white,bus,9.4,4.1,4.1,4.8,9
33.3798768,1,f,38,Manufacturing,HR,Recommendation,no,m,white,bus,7.8,2.6,5.7,7.1,5.2
5.848049281,1,f,23,Banking,HR,Recommendation,yes,f,white,bus,4.6,6.9,7.2,5.6,4.4
5.848049281,1,f,23,Banking,HR,Recommendation,yes,f,white,bus,6.2,4.8,4.9,4.8,3.7
77.53593429,1,f,24,Etc,Sales,Recommendation,supervisor,f,white,bus,6.2,5.5,5.7,3.3,2.1
166.275154,1,m,26,Retail,Sales,FriendRecommendation,no,m,white,car,3,5.5,5.7,7.1,6.7
107.1704312,1,f,33,Etc,Etc,Advertising,no,m,white,bus,5.4,1,9.5,9.4,5.2
19.44969199,1,f,40,Banking,HR,JobSite,yes,f,grey,bus,6.2,3.4,8,3.3,3.7
8.640657084,1,f,23,Manufacturing,Management,RecruitingAgency,no,f,white,car,3.8,4.1,8.7,4,2.9
13.66735113,1,f,27,Retail,HR,JobSiteVacantPosition,no,m,white,car,8.6,4.8,7.2,4,3.7
6.275154004,1,f,24,PowerGeneration,Sales,JobSite,supervisor,f,white,bus,5.4,6.2,4.1,6.3,9.8
23.19507187,1,f,30,Banking,HR,Recommendation,no,f,white,car,5.4,7.6,2.6,5.6,6
16.32854209,1,f,37,Pharma,Etc,JobSite,no,f,white,car,4.6,7.6,5.7,5.6,8.3
26.11909651,1,f,31,Manufacturing,HR,Recommendation,no,m,grey,bus,3,7.6,4.9,5.6,5.2
35.38398357,1,f,31,Retail,HR,RecruitingAgency,no,m,white,bus,3.8,10,3.3,3.3,6.7
25.98767967,1,f,23,IT,HR,JobSiteVacantPosition,supervisor,f,white,bus,1.4,2.6,9.5,8.7,2.1
3.58110883,1,f,40,Banking,HR,JobSite,no,f,white,bus,7.8,5.5,2.6,6.3,8.3
3.58110883,1,f,40,Banking,HR,JobSite,no,f,white,bus,8.6,5.5,3.3,6.3,7.5
3.58110883,1,f,40,Banking,HR,JobSite,no,f,white,bus,7,6.9,4.1,5.6,7.5
1.708418891,1,f,37,Etc,Marketing,JobSiteVacantPosition,no,f,white,bus,4.6,2.6,8.7,4,2.9
25.23203285,1,f,30,Retail,Sales,JobSiteVacantPosition,no,f,white,bus,4.6,2.6,7.2,6.3,5.2
13.8973306,1,f,38,State,Teaching,EmployeeRecommendation,no,f,white,foot,3,9.1,4.1,4.8,6
63.11293634,1,m,32,Mining,Law,Recommendation,no,f,white,bus,3,4.8,4.1,7.1,7.5
11.30184805,1,f,34,Building,Marketing,EmployeeRecommendation,no,m,grey,car,9.4,3.4,4.9,3.3,6
11.69609856,1,f,25,Manufacturing,HR,JobSiteVacantPosition,supervisor,f,grey,car,3,4.8,7.2,7.9,5.2
11.69609856,1,f,25,Manufacturing,HR,JobSiteVacantPosition,supervisor,f,grey,car,3,5.5,5.7,7.1,5.2
30.22587269,0,m,33,Retail,HR,JobSite,supervisor,f,white,car,4.6,6.2,8,7.1,5.2
30.22587269,0,m,33,Retail,HR,JobSite,supervisor,f,white,car,5.4,7.6,5.7,7.1,6
38.01232033,0,m,33,Retail,HR,Recommendation,supervisor,m,white,car,3,4.1,8,7.1,3.7
21.61806982,1,m,37,Manufacturing,Management,Recommendation,no,m,grey,bus,3.8,4.8,4.9,7.1,6.7
39.06365503,1,f,31,Manufacturing,HR,Recommendation,supervisor,f,white,bus,6.2,4.8,4.1,4.8,5.2
138.9404517,0,f,30,RealEstate,BusinessDevelopment,EmployeeRecommendation,supervisor,m,white,foot,5.4,6.9,2.6,5.6,8.3
23.6550308,1,m,26,Manufacturing,Engineer,EmployeeRecommendation,supervisor,m,white,bus,4.6,5.5,8.7,5.6,1.3
20.56673511,1,m,33,Banking,Etc,JobSiteVacantPosition,no,m,white,car,6.2,4.1,3.3,8.7,9.8
94.12731006,0,f,25,Retail,HR,JobSiteVacantPosition,no,m,grey,car,6.2,3.4,6.4,6.3,7.5
2.102669405,0,f,32,Etc,Marketing,Recommendation,supervisor,m,white,foot,5.4,5.5,3.3,7.9,8.3
96.65708419,0,f,36,Retail,HR,RecruitingAgency,no,m,white,car,6.2,6.2,5.7,4,5.2
34.49691992,0,f,38,Building,HR,EmployeeRecommendation,no,m,white,car,1.4,4.8,5.7,6.3,6.7
46.78439425,1,f,23,Retail,Marketing,Advertising,supervisor,f,white,car,3,6.2,8.7,4.8,6
80.16427105,1,f,26,State,Management,EmployeeRecommendation,no,f,white,foot,4.6,5.5,8,4.8,5.2
11.89322382,1,f,24,Banking,HR,Recommendation,no,f,white,foot,7.8,6.2,4.9,1.7,3.7
79.86858316,1,f,25,Retail,HR,JobSite,no,m,white,bus,7.8,6.9,3.3,3.3,5.2
2.201232033,1,f,33,Banking,HR,Recommendation,no,f,white,car,5.4,6.2,7.2,2.5,5.2
16.82135524,0,f,32,Pharma,Sales,Recommendation,no,f,white,bus,5.4,7.6,8.7,2.5,2.9
6.045174538,0,f,44,Banking,HR,RecruitingAgency,no,f,white,car,4.6,4.8,8.7,4.8,6
1.741273101,1,f,24,Consulting,Consulting,JobSiteVacantPosition,no,f,grey,bus,6.2,4.8,8,4,2.9
24.18069815,1,f,23,Manufacturing,HR,JobSiteVacantPosition,supervisor,f,white,bus,6.2,3.4,6.4,4.8,3.7
38.01232033,0,f,25,Manufacturing,HR,JobSiteVacantPosition,no,f,white,bus,6.2,3.4,6.4,4.8,3.7
5.749486653,1,f,34,Etc,HR,JobSite,no,m,white,car,8.6,5.5,1,6.3,9.8
12.02464066,1,m,30,Retail,Sales,Recommendation,no,m,grey,car,5.4,4.1,4.9,6.3,6
8.31211499,1,f,29,State,Teaching,Advertising,no,f,white,foot,9.4,5.5,3.3,3.3,5.2
15.21149897,1,f,30,Mining,HR,JobSiteVacantPosition,supervisor,f,white,car,4.6,6.9,7.2,3.3,6.7
93.9301848,0,f,29,IT,HR,Recommendation,no,f,white,bus,4.6,7.6,7.2,2.5,4.4
27.56468172,0,f,26,HoReCa,HR,JobSiteVacantPosition,supervisor,f,white,car,3,6.9,7.2,4.8,5.2
49.14989733,1,f,28,Retail,HR,Recommendation,supervisor,m,white,bus,7.8,6.9,4.1,3.3,7.5
86.6036961,1,f,33,HoReCa,HR,JobSiteVacantPosition,supervisor,m,white,bus,3.8,8.4,8,4,4.4
86.6036961,1,f,33,HoReCa,HR,JobSiteVacantPosition,supervisor,m,white,bus,4.6,9.1,4.9,3.3,2.9
53.35523614,1,f,27,Retail,HR,Recommendation,no,m,white,foot,7,5.5,4.9,6.3,8.3
139.0718686,1,f,32,State,Teaching,Recommendation,no,f,white,bus,7.8,4.8,4.1,3.3,7.5
28.35318275,1,f,31,Banking,HR,JobSite,no,f,grey,bus,7,6.2,1,9.4,7.5
23.12936345,0,f,23,Retail,HR,JobSiteVacantPosition,yes,f,white,bus,6.2,4.8,7.2,4,6.7
15.14579055,1,m,22,PowerGeneration,Etc,FriendRecommendation,no,m,white,bus,6.2,2.6,7.2,5.6,6.7
160.0657084,1,f,24,Telecom,HR,EmployeeRecommendation,no,m,white,bus,1,6.9,9.5,4.8,7.5
19.71252567,1,f,23,Retail,Sales,JobSite,supervisor,f,white,bus,7,4.8,4.1,5.6,6.7
16.82135524,0,f,32,Retail,HR,Recommendation,no,f,white,bus,3,4.1,7.2,7.1,8.3
15.86858316,0,m,42,Manufacturing,BusinessDevelopment,JobSiteVacantPosition,no,m,white,car,1.4,4.1,9.5,7.1,5.2
70.30800821,1,m,22,PowerGeneration,Marketing,Recommendation,no,m,white,bus,5.4,4.1,8.7,4,2.1
2.792607803,1,m,39,Banking,BusinessDevelopment,JobSiteVacantPosition,no,f,white,bus,7.8,4.8,1.8,8.7,8.3
13.01026694,1,m,34,Etc,HR,JobSite,no,m,grey,bus,3.8,2.6,8,9.4,6
88.90349076,0,f,30,State,HR,JobSiteVacantPosition,no,m,white,bus,4.6,2.6,7.2,7.1,6.7
123.0718686,1,f,28,Retail,Marketing,Recommendation,no,f,white,car,3,8.4,3.3,7.9,8.3
59.99178645,0,f,31,Retail,BusinessDevelopment,EmployeeRecommendation,no,m,white,car,4.6,4.8,8,4.8,6.7
59.99178645,0,f,31,Retail,BusinessDevelopment,EmployeeRecommendation,no,m,white,car,6.2,6.9,7.2,4.8,5.2
26.67761807,1,f,32,Etc,HR,JobSiteVacantPosition,yes,f,white,bus,3,8.4,7.2,6.3,7.5
18.00410678,0,f,40,Manufacturing,HR,JobSiteVacantPosition,no,m,white,bus,3,6.9,4.9,5.6,6
16.59137577,1,f,22,IT,Management,JobSiteVacantPosition,yes,f,white,bus,8.6,6.2,2.6,5.6,9.8
2.759753593,1,f,41,Banking,HR,Recommendation,no,m,white,bus,3.8,8.4,2.6,4.8,7.5
23.68788501,1,f,24,Manufacturing,HR,Recommendation,supervisor,f,grey,bus,3,4.8,7.2,7.9,5.2
23.68788501,1,f,24,Manufacturing,HR,Recommendation,supervisor,f,grey,bus,3,5.5,5.7,7.1,5.2
16.42710472,1,f,26,Etc,Engineer,JobSite,no,m,white,bus,6.2,5.5,3.3,6.3,8.3
45.96303901,1,f,36,RealEstate,Management,Recommendation,no,m,white,bus,5.4,5.5,7.2,4.8,4.4
12.02464066,1,m,30,Retail,Sales,Recommendation,no,m,grey,car,5.4,4.1,4.9,6.3,6
73.65913758,1,f,30,Retail,HR,JobSiteVacantPosition,yes,f,white,bus,4.6,4.8,5.7,8.7,6
2.759753593,0,f,31,IT,HR,JobSiteVacantPosition,no,m,white,bus,7,3.4,8,7.9,6
26.94045175,1,f,24,Pharma,HR,JobSite,no,f,white,bus,5.4,4.8,4.9,4.8,5.2
2.431211499,1,f,28,IT,HR,JobSiteVacantPosition,no,f,white,bus,6.2,3.4,4.9,7.9,7.5
68.27104723,1,f,24,Etc,PR,EmployeeRecommendation,no,f,white,foot,7,4.1,2.6,7.9,7.5
68.27104723,1,f,24,Etc,PR,EmployeeRecommendation,no,f,white,foot,7.8,6.2,2.6,5.6,6.7
1.642710472,1,f,44,Etc,HR,JobSiteVacantPosition,no,m,white,bus,4.6,7.6,5.7,2.5,6
76.15605749,0,f,24,Retail,HR,Recommendation,yes,m,white,car,7,6.2,1.8,6.3,7.5
12.35318275,1,m,39,Retail,Management,JobSite,no,m,white,car,6.2,3.4,6.4,6.3,7.5
58.21765914,0,f,35,Telecom,BusinessDevelopment,EmployeeRecommendation,supervisor,f,white,bus,8.6,5.5,3.3,4.8,6.7
32.49281314,1,f,40,Retail,HR,RecruitingAgency,no,m,white,car,6.2,6.2,5.7,4.8,7.5
6.275154004,1,f,30.40033257,Retail,Marketing,JobSiteVacantPosition,yes,f,white,bus,7.8,6.2,4.9,4,8.3
5.026694045,1,f,26,Banking,HR,JobSiteVacantPosition,no,f,grey,bus,4.6,6.2,5.7,4,6
5.026694045,1,f,26,Banking,HR,JobSiteVacantPosition,no,f,grey,bus,4.6,5.5,6.4,5.6,5.2
22.66940452,0,f,31,Etc,HR,JobSite,no,f,white,bus,5.4,5.5,4.9,5.6,6.7
27.36755647,0,f,26,IT,HR,JobSite,yes,f,white,bus,9.4,6.2,2.6,4,6
27.36755647,0,f,26,IT,HR,JobSite,yes,f,white,bus,6.2,7.6,4.1,3.3,6.7
150.1437372,1,f,33,Pharma,HR,JobSite,no,f,white,car,5.4,3.4,5.7,7.1,5.2
53.2238193,0,f,23,Consulting,HR,JobSite,yes,f,white,foot,8.6,5.5,2.6,4.8,7.5
5.9137577,0,f,32,Retail,HR,Recommendation,no,f,white,bus,3.8,6.2,8,4,6.7
53.97946612,1,m,28,Etc,IT,JobSiteVacantPosition,no,m,white,bus,7.8,6.9,2.6,6.3,7.5
73.82340862,0,f,26,Retail,Etc,JobSiteVacantPosition,no,m,white,car,10,5.5,2.6,6.3,6.7
27.49897331,1,f,27,Etc,HR,RecruitingAgency,no,f,white,bus,3.8,1.9,9.5,7.1,2.1
44.48459959,0,m,22,IT,IT,Recommendation,supervisor,m,white,foot,4.6,2.6,6.4,9.4,6
54.01232033,1,m,37,IT,IT,Recommendation,no,m,white,bus,10,3.4,3.3,6.3,10
8.574948665,1,m,38,Agriculture,HR,JobSite,no,f,white,bus,4.6,4.1,4.1,8.7,8.3
64.29568789,1,m,44,Retail,Sales,JobSiteVacantPosition,no,m,grey,bus,2.2,5.5,8.7,7.1,6.7
27.23613963,0,f,27,Etc,Etc,JobSite,no,m,white,bus,7,6.9,5.7,3.3,6.7
23.9835729,1,f,23,Agriculture,Consulting,EmployeeRecommendation,yes,m,white,bus,4.6,6.9,7.2,3.3,2.1
23.9835729,1,f,23,Agriculture,Consulting,EmployeeRecommendation,yes,m,white,bus,4.6,6.9,7.2,2.5,2.9
23.9835729,1,f,23,Agriculture,Consulting,EmployeeRecommendation,supervisor,m,white,bus,4.6,6.9,7.2,3.3,2.1
23.9835729,1,f,23,Agriculture,Consulting,EmployeeRecommendation,supervisor,m,white,bus,4.6,6.9,7.2,2.5,2.9
37.78234086,1,f,34,Building,HR,JobSiteVacantPosition,supervisor,f,white,bus,4.6,2.6,5.7,7.9,7.5
17.80698152,0,m,23,Telecom,Engineer,JobSite,no,m,grey,bus,3.8,9.1,8.7,4.8,5.2
95.44147844,0,f,25,Retail,HR,JobSiteVacantPosition,no,m,grey,bus,6.2,3.4,6.4,6.3,7.5
27.59753593,0,f,26,Retail,HR,FriendRecommendation,no,f,white,bus,4.6,6.2,5.7,6.3,4.4
27.59753593,0,f,26,Retail,HR,FriendRecommendation,no,f,white,bus,3.8,4.1,8.7,7.9,5.2
72.41067762,0,f,30,Retail,Etc,JobSiteVacantPosition,no,f,grey,bus,6.2,2.6,6.4,5.6,6
2.98973306,1,m,45,Telecom,BusinessDevelopment,FriendsWithEmployer,supervisor,m,white,bus,3,8.4,7.2,7.1,6
11.53182752,0,f,31,Transportation,Consulting,FriendsWithEmployer,no,m,white,bus,5.4,6.2,6.4,4,3.7
11.53182752,0,f,31,Transportation,Consulting,FriendsWithEmployer,no,m,white,bus,3.8,3.4,8,6.3,6
23.52361396,1,f,36,Manufacturing,Etc,JobSite,supervisor,f,white,foot,4.6,4.1,4.9,5.6,3.7
23.52361396,1,f,36,Manufacturing,Etc,JobSite,supervisor,f,white,foot,6.2,4.8,5.7,4,2.9
40.04928131,0,f,29,PowerGeneration,Commercial,JobSiteVacantPosition,no,m,grey,car,5.4,6.2,4.1,5.6,8.3
54.04517454,1,f,30,Telecom,HR,JobSiteVacantPosition,yes,f,white,foot,5.4,4.1,4.9,8.7,7.5
20.92813142,1,f,23,Manufacturing,Engineer,JobSiteVacantPosition,yes,m,white,bus,3,6.9,5.7,7.9,5.2
20.92813142,1,f,23,Manufacturing,Engineer,JobSiteVacantPosition,yes,m,white,bus,4.6,6.9,7.2,4.8,5.2
11.99178645,1,f,27,Retail,HR,Recommendation,yes,f,white,bus,6.2,6.9,3.3,4.8,6.7
44.97741273,1,m,29,Consulting,HR,JobSite,no,m,white,car,3,4.8,4.9,6.3,7.5
14.22587269,1,f,28,State,Management,Recommendation,no,f,white,bus,7,6.9,6.4,2.5,5.2
58.94045175,0,m,46,Consulting,HR,Advertising,no,f,white,bus,3,6.2,8,5.6,3.7
61.73305955,1,m,23,State,Law,EmployeeRecommendation,supervisor,m,white,car,4.6,6.9,7.2,3.3,2.1
61.73305955,1,m,23,State,Law,EmployeeRecommendation,supervisor,m,white,car,4.6,6.9,7.2,2.5,2.9
140.9445585,0,f,26,Building,HR,Recommendation,no,m,white,foot,3.8,1.9,8.7,6.3,4.4
140.9445585,0,f,26,Building,HR,Recommendation,no,m,white,foot,5.4,2.6,8,7.1,5.2
6.176591376,1,f,38,Transportation,HR,JobSiteVacantPosition,no,m,grey,bus,6.2,6.2,8,2.5,3.7
6.176591376,1,f,38,Transportation,HR,JobSiteVacantPosition,no,m,grey,bus,4.6,6.2,8,4,3.7
94.9486653,1,m,26,Retail,IT,FriendsWithEmployer,no,m,white,bus,3.8,7.6,7.2,7.9,4.4
70.17659138,0,f,31,Retail,HR,JobSiteVacantPosition,supervisor,f,white,bus,4.6,5.5,7.2,3.3,2.9
70.17659138,0,f,31,Retail,HR,JobSiteVacantPosition,supervisor,f,white,bus,4.6,5.5,7.2,4.8,3.7
57.23203285,1,f,36,Building,HR,RecruitingAgency,no,f,white,bus,3.8,5.5,6.4,5.6,6
45.73305955,0,f,33,PowerGeneration,HR,JobSite,supervisor,f,white,car,7.8,6.2,6.4,7.9,6
45.73305955,0,f,33,PowerGeneration,HR,JobSite,supervisor,f,white,car,3.8,3.4,5.7,8.7,7.5
29.01026694,1,f,28,Building,BusinessDevelopment,EmployeeRecommendation,no,m,white,foot,9.4,3.4,4.9,3.3,6
11.99178645,1,f,27,Retail,HR,EmployeeRecommendation,yes,f,white,bus,6.2,6.9,3.3,4.8,6.7
27.36755647,0,f,26,Banking,IT,JobSiteVacantPosition,supervisor,m,grey,car,6.2,5.5,4.9,5.6,6.7
105.9219713,0,f,28,Retail,HR,JobSiteVacantPosition,no,m,white,bus,5.4,3.4,7.2,6.3,3.7
3.449691992,1,f,40,Retail,HR,JobSiteVacantPosition,no,m,grey,car,6.2,5.5,4.9,4.8,7.5
4.533880903,1,m,23,Etc,Marketing,FriendsWithEmployer,supervisor,m,white,bus,1.4,9.8,6.4,3.3,6
35.77823409,1,f,22,IT,IT,JobSite,supervisor,m,grey,bus,7,4.1,5.7,5.6,8.3
40.31211499,0,f,29,Manufacturing,HR,Recommendation,supervisor,m,white,foot,6.2,3.4,4.1,7.9,7.5
40.31211499,0,f,29,Manufacturing,HR,Recommendation,supervisor,m,white,foot,6.2,3.4,4.1,7.9,7.5
2.201232033,1,m,23,State,Etc,Recommendation,supervisor,m,white,bus,6.2,2.6,7.2,6.3,7.5
40.3449692,0,f,29,Manufacturing,HR,Recommendation,supervisor,m,white,foot,6.2,3.4,4.1,7.9,7.5
40.37782341,0,f,29,Manufacturing,HR,Recommendation,supervisor,m,white,foot,6.2,3.4,4.1,7.9,7.5
11.23613963,1,m,26,IT,IT,JobSite,no,m,white,bus,3.8,4.8,6.4,8.7,6
85.09240246,0,f,26,Transportation,HR,JobSiteVacantPosition,yes,f,white,bus,7.8,4.8,6.4,4.8,6
9.823408624,1,m,26,Building,Engineer,JobSite,supervisor,m,white,bus,4.6,5.5,5.7,8.7,6
64.19712526,0,m,19,IT,IT,JobSiteVacantPosition,no,m,white,bus,4.6,6.2,7.2,5.6,6
14.45585216,0,f,33,Retail,HR,JobSiteVacantPosition,no,m,grey,bus,6.2,4.8,6.4,2.5,4.4
21.15811088,1,f,24,Consulting,Consulting,Recommendation,supervisor,f,white,bus,6.2,4.8,8,4,2.9
28.78028747,0,f,31,Retail,Accounting,JobSiteVacantPosition,no,f,white,bus,7,2.6,7.2,4.8,4.4
155.1704312,1,f,33,Pharma,HR,JobSite,no,f,white,car,5.4,3.4,5.7,7.1,5.2
13.86447639,1,f,22,IT,HR,Recommendation,no,m,white,bus,7,2.6,7.2,6.3,6
13.01026694,1,f,25,Banking,HR,JobSite,supervisor,m,white,bus,9.4,6.2,3.3,2.5,6.7
2.759753593,0,f,28,Agriculture,HR,FriendsWithEmployer,no,m,white,bus,6.2,5.5,3.3,6.3,8.3
2.825462012,0,f,32,Telecom,HR,JobSiteVacantPosition,no,f,white,bus,7,5.5,3.3,7.1,6.7
4.008213552,1,f,22,Transportation,HR,JobSiteVacantPosition,no,m,white,bus,2.2,8.4,4.9,7.1,6.7
10.34907598,1,f,37,Consulting,Finance,JobSite,no,m,white,bus,7,7.6,2.6,5.6,8.3
34.03696099,1,f,27,Retail,HR,JobSite,no,f,grey,car,7.8,4.8,3.3,5.6,6.7
34.03696099,1,f,27,Retail,HR,JobSite,no,f,grey,car,10,4.1,1.8,6.3,8.3
11.95893224,1,f,35,Telecom,HR,JobSite,supervisor,f,white,foot,6.2,4.1,6.4,5.6,6.7
164.5667351,0,f,27,Telecom,Marketing,Advertising,no,f,white,car,3.8,4.8,4.9,6.3,5.2
32.95277207,1,m,24,Consulting,HR,JobSite,no,f,white,foot,2.2,4.1,6.4,9.4,6
5.32238193,1,f,25,Banking,HR,JobSiteVacantPosition,supervisor,f,grey,bus,5.4,3.4,8,6.3,2.1
40.3449692,1,f,23,Banking,IT,JobSiteVacantPosition,supervisor,m,white,bus,5.4,6.2,3.3,4,6
34.23408624,0,f,24,IT,HR,JobSite,supervisor,f,white,bus,8.6,6.9,4.9,1.7,4.4
96,1,m,31,Retail,IT,JobSiteVacantPosition,no,m,white,bus,4.6,2.6,6.4,10,4.4
7.030800821,1,m,35,Retail,Sales,JobSiteVacantPosition,no,m,white,foot,5.4,6.2,4.9,4,2.9
26.94045175,1,f,21,State,PR,JobSite,no,f,white,bus,3,5.5,7.2,5.6,2.1
115.5482546,0,f,19,Retail,HR,Recommendation,yes,f,white,bus,7,6.2,5.7,2.5,5.2
28.58316222,1,f,21,Consulting,HR,JobSite,yes,f,white,bus,7,9.1,1.8,4.8,6
26.31622177,1,f,24,Building,Etc,FriendsWithEmployer,no,m,grey,bus,5.4,4.1,2.6,7.9,6
29.27310062,0,f,35,Pharma,HR,RecruitingAgency,supervisor,f,white,bus,5.4,4.8,5.7,4,3.7
57.82340862,1,m,25,Retail,Sales,JobSiteVacantPosition,supervisor,m,white,car,7,5.5,4.1,6.3,8.3
133.9137577,1,m,19,Manufacturing,Accounting,FriendsWithEmployer,no,f,white,car,6.2,3.4,5.7,7.1,6.7
133.9137577,1,m,19,Manufacturing,Accounting,FriendsWithEmployer,no,f,white,car,4.6,6.9,5.7,7.1,5.2
39.72073922,0,f,30.40033257,Banking,HR,FriendsWithEmployer,supervisor,f,white,bus,6.2,6.2,4.1,2.5,5.2
38.01232033,0,f,35,Manufacturing,HR,JobSiteVacantPosition,no,m,white,bus,7.8,1.9,3.3,4,6.7
27.40041068,0,f,43,State,Law,Recommendation,no,m,white,car,4.6,5.5,6.4,4,5.2
25.42915811,1,f,22,Consulting,HR,JobSite,yes,m,white,bus,6.2,4.8,3.3,7.1,9
32.52566735,1,f,48,Building,HR,Recommendation,no,m,white,bus,6.2,6.2,6.4,3.3,6.7
23.2936345,0,f,29,IT,IT,JobSite,yes,m,white,car,9.4,6.2,4.1,4.8,7.5
23.2936345,0,f,29,IT,IT,JobSite,yes,m,white,car,7,6.2,5.7,4.8,5.2
49.28131417,0,f,33,PowerGeneration,HR,JobSite,supervisor,f,white,car,7.8,6.2,6.4,7.9,6
49.28131417,0,f,33,PowerGeneration,HR,JobSite,supervisor,f,white,car,3.8,3.4,5.7,8.7,7.5
18.1026694,1,f,44,Retail,HR,Recommendation,no,m,grey,bus,3,6.9,4.1,7.9,5.2
8.180698152,1,f,24,IT,HR,JobSite,supervisor,m,white,foot,7,5.5,4.9,4.8,2.9
42.48049281,1,f,42,Consulting,HR,FriendsWithEmployer,no,m,white,bus,3,6.9,6.4,5.6,6
42.48049281,1,f,42,Consulting,HR,FriendsWithEmployer,no,m,white,bus,7,6.2,5.7,4.8,4.4
129.8069815,1,f,22,State,Teaching,FriendRecommendation,supervisor,f,grey,bus,3,4.8,5.7,4.8,3.7
8.016427105,1,m,41,IT,IT,Recommendation,no,m,white,bus,3.8,4.1,5.7,5.6,4.4
9.100616016,1,f,26,State,HR,EmployeeRecommendation,no,m,white,car,5.4,6.2,7.2,4.8,6.7
26.15195072,1,m,31,Building,Engineer,JobSiteVacantPosition,no,m,white,bus,5.4,4.1,8.7,6.3,4.4
66.49691992,1,f,38,Building,HR,JobSiteVacantPosition,no,m,white,bus,7,4.1,4.9,5.6,6.7
10.02053388,0,m,38,Agriculture,HR,JobSiteVacantPosition,no,f,white,car,7.8,2.6,4.1,7.9,6.7
6.53798768,1,f,26,Consulting,HR,JobSiteVacantPosition,no,f,grey,bus,7,6.2,4.1,4.8,8.3
0.492813142,0,f,29,Retail,HR,JobSite,supervisor,f,grey,bus,4.6,5.5,1.8,7.1,6.7
0.492813142,0,f,29,Retail,HR,JobSite,supervisor,f,grey,bus,4.6,1,5.7,8.7,2.9
0.492813142,0,f,29,Retail,HR,JobSite,supervisor,f,grey,bus,5.4,4.8,8,9.4,2.9
2.858316222,1,f,38,Building,HR,RecruitingAgency,no,m,white,car,5.4,5.5,4.9,4.8,4.4
2.858316222,1,f,38,Building,HR,RecruitingAgency,no,m,white,car,6.2,6.2,4.9,3.3,2.9
48.45995893,0,m,35,IT,IT,FriendsWithEmployer,no,m,white,bus,7,5.5,2.6,5.6,9
15.14579055,0,f,39,Etc,Management,RecruitingAgency,no,f,white,bus,3.8,7.6,4.9,7.1,9
133.8809035,1,m,19,Manufacturing,Accounting,Recommendation,no,f,white,car,6.2,3.4,5.7,7.1,6.7
133.8809035,1,m,19,Manufacturing,Accounting,Recommendation,no,f,white,car,4.6,6.9,5.7,7.1,5.2
32.88706366,0,f,26,IT,HR,JobSite,supervisor,f,white,bus,9.4,6.2,2.6,4,6
32.88706366,0,f,26,IT,HR,JobSite,supervisor,f,white,bus,6.2,7.6,4.1,3.3,6.7
63.14579055,1,m,32,Mining,Law,FriendsWithEmployer,no,f,white,bus,3,4.8,4.1,7.1,7.5
8.969199179,1,f,26,State,HR,JobSite,yes,m,white,car,5.4,6.2,7.2,4.8,6.7
36.59958932,0,m,33,Retail,HR,JobSite,no,f,white,car,4.6,6.2,8,7.1,5.2
36.59958932,0,m,33,Retail,HR,JobSite,no,f,white,car,5.4,7.6,5.7,7.1,6
11.76180698,0,f,39,Transportation,HR,JobSite,no,f,white,bus,4.6,4.1,4.9,5.6,3.7
11.76180698,0,f,39,Transportation,HR,JobSite,no,f,white,bus,6.2,4.8,5.7,4,2.9
28.81314168,0,f,23,Retail,HR,JobSite,no,m,white,bus,7,4.1,8,4.8,4.4
18.56262834,0,f,24,Manufacturing,HR,JobSiteVacantPosition,no,f,white,bus,3.8,7.6,8,4.8,2.9
1.80698152,0,f,26,Banking,Sales,Advertising,no,f,white,foot,5.4,7.6,4.1,4.8,7.5
1.80698152,0,f,26,Banking,Sales,Advertising,no,f,white,foot,5.4,7.6,4.1,5.6,9
17.08418891,0,f,34,Banking,HR,JobSiteVacantPosition,no,f,white,bus,1.4,6.9,8,4,5.2
1.938398357,0,f,26,Banking,Sales,Advertising,no,f,white,foot,5.4,7.6,4.1,4.8,7.5
1.938398357,0,f,26,Banking,Sales,Advertising,no,f,white,foot,5.4,7.6,4.1,5.6,9
50.69404517,0,m,32,State,Etc,JobSiteVacantPosition,no,f,white,car,3.8,3.4,7.2,10,5.2
41.65913758,0,f,29,Retail,HR,JobSite,supervisor,f,white,bus,6.2,6.9,8.7,3.3,2.9
103.5893224,0,f,21,Retail,HR,JobSite,no,f,grey,bus,2.2,4.8,8.7,7.9,5.2
103.5893224,0,f,21,Retail,HR,JobSite,no,f,grey,bus,3.8,3.4,8.7,7.1,3.7
2.135523614,0,f,26,Banking,Sales,Advertising,no,f,white,foot,5.4,7.6,4.1,4.8,7.5
2.135523614,0,f,26,Banking,Sales,Advertising,no,f,white,foot,5.4,7.6,4.1,5.6,9
2.168377823,0,f,26,Banking,Sales,Advertising,no,f,white,foot,5.4,7.6,4.1,4.8,7.5
2.168377823,0,f,26,Banking,Sales,Advertising,no,f,white,foot,5.4,7.6,4.1,5.6,9
13.14168378,1,m,42,Etc,Marketing,JobSite,no,f,grey,bus,2.2,6.9,3.3,6.3,3.7
2.431211499,0,f,35,Telecom,HR,JobSite,no,f,grey,bus,7,3.4,3.3,6.3,7.5
49.34702259,1,m,42,Consulting,Consulting,JobSiteVacantPosition,supervisor,m,white,bus,5.4,8.4,6.4,5.6,5.2
79.11293634,0,m,28,IT,HR,JobSiteVacantPosition,no,m,white,bus,2.2,5.5,7.2,4.8,3.7
35.84394251,0,f,27,PowerGeneration,HR,JobSiteVacantPosition,no,m,white,foot,3,2.6,6.4,7.1,7.5
35.84394251,0,f,27,PowerGeneration,HR,JobSiteVacantPosition,no,m,white,foot,3,5.5,4.1,7.1,8.3
12.81314168,1,m,33,Building,Sales,RecruitingAgency,no,m,grey,car,7.8,3.4,7.2,4,5.2
2.234086242,0,f,26,Banking,Sales,Advertising,no,f,white,foot,5.4,7.6,4.1,4.8,7.5
2.234086242,0,f,26,Banking,Sales,Advertising,no,f,white,foot,5.4,7.6,4.1,5.6,9
17.11704312,0,f,31,Transportation,Management,FriendsWithEmployer,supervisor,m,white,bus,5.4,6.2,6.4,4,3.7
17.11704312,0,f,31,Transportation,Management,FriendsWithEmployer,supervisor,m,white,bus,3.8,3.4,8,6.3,6
23.95071869,1,f,32,Manufacturing,HR,FriendRecommendation,supervisor,f,white,car,4.6,6.9,4.9,5.6,6
11.86036961,0,f,25,Retail,HR,JobSiteVacantPosition,no,m,white,car,7.8,4.8,5.7,4.8,5.2
5.848049281,0,f,33,Manufacturing,HR,RecruitingAgency,no,m,white,bus,5.4,9.1,4.1,2.5,6
24.0164271,1,f,28,Transportation,HR,JobSite,no,m,white,bus,3.8,4.8,9.5,4.8,2.1
43.99178645,1,m,26,Etc,Engineer,FriendsWithEmployer,no,m,white,bus,7.8,6.9,4.1,6.3,7.5
20.69815195,1,f,40,Building,HR,Recommendation,supervisor,m,white,car,2.2,8.4,6.4,4.8,6.7
29.8973306,0,f,26,IT,HR,FriendsWithEmployer,supervisor,m,white,bus,4.6,6.9,8,4,4.4
31.14579055,0,m,21,Retail,Sales,Recommendation,yes,m,white,bus,7.8,4.1,2.6,5.6,8.3
1.347022587,0,f,27,Retail,HR,JobSiteVacantPosition,supervisor,m,white,bus,7,4.8,6.4,4.8,7.5
23.9835729,1,f,29,Mining,HR,Recommendation,no,m,white,bus,4.6,5.5,5.7,4.8,7.5
32.45995893,0,f,25,Retail,Marketing,JobSiteVacantPosition,yes,f,white,bus,8.6,5.5,3.3,5.6,9.8
64.29568789,1,m,44,Retail,Commercial,JobSiteVacantPosition,no,m,white,bus,3,2.6,10,9.4,4.4
21.35523614,1,m,31,RealEstate,Marketing,JobSiteVacantPosition,supervisor,f,grey,car,7.8,4.1,4.1,7.9,7.5
11.69609856,1,f,36,Telecom,HR,JobSiteVacantPosition,no,f,white,car,7,4.1,6.4,5.6,8.3
54.07802875,1,f,30,State,HR,FriendsWithEmployer,yes,f,white,foot,5.4,4.1,4.9,8.7,7.5
42.0862423,0,f,31,State,HR,Recommendation,no,f,white,bus,1.4,7.6,7.2,4,2.9
27.40041068,0,f,22,Consulting,HR,JobSiteVacantPosition,supervisor,f,white,bus,6.2,5.5,2.6,5.6,8.3
1.117043121,1,f,54,Pharma,HR,Recommendation,no,m,white,car,4.6,8.4,5.7,4,4.4
1.117043121,1,f,54,Pharma,HR,Recommendation,no,m,white,car,4.6,8.4,5.7,4,4.4
42.38193018,1,f,36,Manufacturing,HR,JobSiteVacantPosition,supervisor,f,white,bus,6.2,4.8,5.7,8.7,7.5
5.782340862,1,f,32,Retail,HR,FriendsWithEmployer,no,f,grey,car,6.2,6.2,1.8,5.6,9
43.30184805,0,f,33,Banking,HR,JobSite,no,f,white,bus,7,6.2,1,9.4,7.5
53.09240246,0,f,23,Retail,Etc,FriendRecommendation,supervisor,m,white,bus,6.2,6.9,4.9,2.5,2.9
17.60985626,1,f,41,Banking,HR,JobSite,no,m,white,bus,7.8,5.5,2.6,6.3,8.3
17.60985626,1,f,41,Banking,HR,JobSite,no,m,white,bus,8.6,5.5,3.3,6.3,7.5
17.60985626,1,f,41,Banking,HR,JobSite,no,m,white,bus,7,6.9,4.1,5.6,7.5
26.0862423,1,f,30,Banking,HR,JobSiteVacantPosition,no,f,white,bus,8.6,6.9,2.6,4,7.5
16.65708419,0,f,26,Manufacturing,HR,JobSite,no,m,white,bus,8.6,5.5,4.1,4,3.7
70.83367556,1,f,23,Banking,HR,Recommendation,yes,f,white,car,6.2,9.1,4.1,3.3,6.7
70.83367556,1,f,23,Banking,HR,Recommendation,yes,f,white,car,7,7.6,3.3,3.3,6.7
99.77823409,0,f,42,Etc,HR,JobSiteVacantPosition,no,f,white,foot,5.4,4.8,6.4,6.3,4.4
42.94045175,1,f,25,State,Management,FriendsWithEmployer,no,m,white,bus,4.6,6.2,6.4,4,4.4
19.58110883,1,f,23,Telecom,HR,JobSite,no,f,white,bus,3.8,4.8,7.2,5.6,4.4
96,1,f,22,Etc,Sales,FriendRecommendation,supervisor,m,white,foot,7,1.9,6.4,6.3,4.4
44.22176591,0,f,29,Retail,HR,JobSite,supervisor,f,white,bus,6.2,6.9,8.7,3.3,2.9
104.0164271,0,f,37,Retail,HR,FriendsWithEmployer,no,m,white,bus,5.4,4.8,6.4,7.1,4.4
67.84394251,1,m,24,Building,HR,FriendsWithEmployer,yes,m,white,car,5.4,5.5,5.7,8.7,5.2
0.919917864,1,m,26,Etc,HR,JobSiteVacantPosition,yes,f,white,bus,6.2,5.5,6.4,4,3.7
48.45995893,1,f,34,Manufacturing,Management,RecruitingAgency,no,f,white,car,7,2.6,7.2,4.8,5.2
15.73716632,1,f,27,Agriculture,Marketing,JobSite,yes,m,white,bus,7,6.9,2.6,4,5.2
16.06570842,0,f,28,Retail,HR,JobSiteVacantPosition,supervisor,f,grey,bus,4.6,5.5,1.8,7.1,6.7
16.06570842,0,f,28,Retail,HR,JobSiteVacantPosition,supervisor,f,grey,bus,4.6,1,5.7,8.7,2.9
16.06570842,0,f,28,Retail,HR,JobSiteVacantPosition,supervisor,f,grey,bus,5.4,4.8,8,9.4,2.9
37.38809035,0,f,20,Etc,HR,RecruitingAgency,no,f,white,bus,7.8,7.6,4.1,4,5.2
44.02464066,1,m,26,State,IT,JobSite,supervisor,m,white,bus,4.6,3.4,6.4,7.1,6
12.78028747,1,f,27,IT,HR,JobSiteVacantPosition,supervisor,m,white,bus,6.2,6.2,4.9,5.6,6
106.8418891,1,f,22,Telecom,HR,EmployeeRecommendation,no,f,white,car,7,3.4,4.1,6.3,8.3
50.20123203,0,f,31,Manufacturing,HR,RecruitingAgency,supervisor,m,white,car,8.6,4.8,4.1,2.5,4.4
6.143737166,1,f,31,Manufacturing,HR,JobSiteVacantPosition,supervisor,m,grey,car,5.4,5.5,6.4,6.3,6.7
45.8973306,1,f,31,Etc,HR,JobSite,no,m,white,car,5.4,8.4,2.6,5.6,7.5
80.65708419,1,f,37,Building,HR,FriendsWithEmployer,no,m,white,car,2.2,7.6,8,4,2.1
49.31416838,1,m,42,IT,Consulting,JobSiteVacantPosition,supervisor,m,white,bus,5.4,8.4,6.4,5.6,5.2
20.04106776,1,f,22,Retail,HR,JobSite,no,f,white,bus,5.4,4.8,4.9,7.1,6.7
20.04106776,1,f,22,Retail,HR,JobSite,no,f,white,bus,4.6,1.9,8,6.3,6
4.435318275,1,m,40,Agriculture,Sales,JobSite,no,m,white,bus,4.6,4.1,7.2,10,5.2
24.21355236,0,f,23,Transportation,HR,JobSite,yes,m,white,bus,5.4,5.5,8,2.5,4.4
3.58110883,1,f,34,Retail,BusinessDevelopment,Recommendation,no,f,white,bus,3,7.6,4.9,5.6,5.2
83.58110883,0,m,33,State,Sales,Recommendation,no,m,white,car,7,6.2,4.1,6.3,9
18.49691992,1,f,46,Building,HR,FriendsWithEmployer,no,m,white,car,3.8,5.5,4.9,5.6,5.2
73.13347023,0,f,22,Retail,HR,JobSite,yes,f,white,bus,3.8,6.2,5.7,7.9,9
76.68172485,0,f,25,Mining,Finance,Recommendation,no,f,white,car,6.2,6.2,6.4,5.6,3.7
82.82546201,1,f,23,Banking,HR,Recommendation,yes,f,white,car,6.2,9.1,4.1,3.3,6.7
82.82546201,1,f,23,Banking,HR,Recommendation,yes,f,white,car,7,7.6,3.3,3.3,6.7
28.84599589,1,m,31,Retail,Sales,JobSite,supervisor,m,grey,bus,6.2,6.9,6.4,3.3,6.7
5.289527721,0,f,25,State,HR,JobSiteVacantPosition,no,f,white,bus,9.4,4.8,3.3,7.1,9
149.6180698,0,f,30,RealEstate,BusinessDevelopment,EmployeeRecommendation,supervisor,m,white,car,5.4,6.9,2.6,5.6,8.3
109.2402464,0,f,22,State,HR,Advertising,supervisor,f,white,foot,5.4,5.5,7.2,4,2.9
35.74537988,1,f,35,Retail,HR,JobSite,no,m,white,bus,5.4,7.6,4.9,4,6
50.98973306,1,f,24,Consulting,HR,JobSite,supervisor,f,white,bus,7.8,5.5,3.3,7.9,8.3
109.1088296,0,f,29,Retail,HR,Advertising,no,m,white,car,4.6,3.4,9.5,4.8,2.1
10.51334702,0,m,36,Manufacturing,Engineer,FriendsWithEmployer,supervisor,m,white,bus,7.8,2.6,4.1,8.7,6.7
129.2813142,0,m,33,Manufacturing,Engineer,FriendRecommendation,supervisor,m,white,bus,5.4,8.4,4.1,4.8,6.7
34.59548255,0,f,34,Retail,HR,JobSite,no,f,white,car,8.6,5.5,4.1,5.6,6.7
34.59548255,0,f,34,Retail,HR,JobSite,no,f,white,car,8.6,3.4,4.1,7.1,6
34.59548255,0,f,34,Retail,HR,JobSite,no,f,white,car,7.8,4.1,4.1,7.1,6.7
51.1211499,0,f,28,Retail,HR,JobSiteVacantPosition,no,f,white,car,5.4,5.5,6.4,2.5,4.4
15.11293634,0,f,45,State,HR,Recommendation,no,f,white,bus,6.2,6.2,3.3,6.3,8.3
15.11293634,0,f,45,State,HR,Recommendation,no,f,white,bus,4.6,4.8,4.1,7.9,9
9.790554415,1,f,41,Retail,HR,JobSite,no,m,white,bus,3,6.9,6.4,4.8,6
9.790554415,1,f,41,Retail,HR,JobSite,no,m,white,bus,2.2,6.9,8,6.3,3.7
9.790554415,1,f,41,Retail,HR,JobSite,no,m,white,bus,3,6.9,7.2,4.8,5.2
3.121149897,1,f,41,Consulting,HR,JobSiteVacantPosition,no,f,white,bus,1.4,4.8,8.7,5.6,2.1
3.121149897,1,f,41,Consulting,HR,JobSiteVacantPosition,no,f,white,bus,3,8.4,8,3.3,2.1
38.17659138,0,m,33,Retail,HR,JobSite,supervisor,f,white,bus,2.2,7.6,6.4,4.8,7.5
30.02874743,1,f,22,Banking,HR,JobSiteVacantPosition,yes,f,white,bus,6.2,4.8,4.9,4.8,6.7
5.092402464,0,f,29,Retail,HR,JobSite,supervisor,f,grey,bus,4.6,5.5,1.8,7.1,6.7
5.092402464,0,f,29,Retail,HR,JobSite,supervisor,f,grey,bus,4.6,1,5.7,8.7,2.9
5.092402464,0,f,29,Retail,HR,JobSite,supervisor,f,grey,bus,5.4,4.8,8,9.4,2.9
34.0698152,1,f,34,Manufacturing,Marketing,EmployeeRecommendation,no,m,grey,car,9.4,3.4,4.9,3.3,6
40.60780287,0,m,33,Retail,HR,JobSite,no,f,white,car,4.6,6.2,8,7.1,5.2
40.60780287,0,m,33,Retail,HR,JobSite,no,f,white,car,5.4,7.6,5.7,7.1,6
10.51334702,0,f,28,Agriculture,HR,FriendsWithEmployer,no,f,white,bus,6.2,5.5,3.3,6.3,8.3
33.93839836,1,f,27,Retail,HR,FriendsWithEmployer,supervisor,f,white,bus,5.4,3.4,3.3,8.7,8.3
33.93839836,1,f,27,Retail,HR,FriendsWithEmployer,supervisor,f,white,bus,6.2,6.2,7.2,3.3,3.7
10.7761807,1,f,35,Transportation,Commercial,JobSite,no,f,white,car,7.8,5.5,1.8,5.6,8.3
59.86036961,1,f,27,Retail,HR,JobSiteVacantPosition,supervisor,m,white,bus,6.2,6.9,4.1,5.6,6
24.83778234,1,f,42,Transportation,HR,JobSiteVacantPosition,no,m,white,bus,5.4,4.8,4.1,4.8,6
33.87268994,0,f,22,Retail,Management,JobSiteVacantPosition,no,f,white,bus,6.2,9.1,4.9,3.3,2.9
53.58521561,0,f,40,RealEstate,HR,JobSiteVacantPosition,no,f,white,foot,3.8,8.4,8,4,4.4
53.58521561,0,f,40,RealEstate,HR,JobSiteVacantPosition,no,f,white,foot,4.6,9.1,4.9,3.3,2.9
1.971252567,0,m,31,Banking,IT,FriendRecommendation,no,m,grey,car,6.2,4.1,2.6,8.7,8.3
0.788501027,0,f,43,Etc,HR,JobSiteVacantPosition,no,m,white,bus,3,6.2,8,7.1,4.4
57.62628337,0,f,23,Etc,Sales,JobSite,supervisor,f,white,bus,5.4,6.2,9.5,5.6,5.2
23.45790554,0,f,29,Retail,HR,JobSiteVacantPosition,supervisor,m,white,bus,7.8,5.5,5.7,4,5.2
23.45790554,0,f,29,Retail,HR,JobSiteVacantPosition,supervisor,m,white,bus,6.2,6.2,5.7,6.3,2.9
23.45790554,0,f,29,Retail,HR,JobSiteVacantPosition,supervisor,m,white,bus,7,6.2,5.7,4,3.7
46.9486653,0,f,22,State,HR,Recommendation,supervisor,f,white,car,4.6,9.1,6.4,5.6,6
15.40862423,1,f,44,State,HR,Recommendation,supervisor,f,grey,car,3.8,6.2,5.7,5.6,6.7
39.2936345,0,m,21,IT,IT,FriendsWithEmployer,supervisor,m,white,foot,3.8,5.5,5.7,7.9,3.7
47.6386037,0,m,40,IT,Sales,Recommendation,no,m,white,car,1.4,6.9,9.5,6.3,1.3
3.811088296,1,f,32,Etc,Marketing,JobSiteVacantPosition,no,m,white,bus,3.8,6.2,6.4,4,6
66.7926078,0,m,31,Banking,Etc,FriendsWithEmployer,no,m,white,bus,4.6,7.6,4.1,4,6
13.8973306,1,f,23,Etc,HR,FriendsWithEmployer,supervisor,f,white,bus,4.6,8.4,6.4,2.5,2.1
108.550308,1,m,27,Building,HR,EmployeeRecommendation,no,m,white,car,3.8,6.2,8,5.6,6
86.66940452,0,f,25,Manufacturing,HR,JobSiteVacantPosition,supervisor,f,white,bus,4.6,7.6,9.5,2.5,1.3
86.66940452,0,f,25,Manufacturing,HR,JobSiteVacantPosition,supervisor,f,white,bus,5.4,5.5,7.2,5.6,2.9
18.33264887,1,m,39,Banking,Finance,Recommendation,supervisor,m,white,bus,3.8,7.6,6.4,4.8,5.2
133.4209446,1,f,29,Retail,Sales,Recommendation,no,m,white,car,5.4,6.9,2.6,7.9,6.7
8.180698152,1,f,24,Consulting,HR,JobSiteVacantPosition,no,f,white,bus,6.2,3.4,7.2,2.5,3.7
8.180698152,1,f,24,Consulting,HR,JobSiteVacantPosition,no,f,white,bus,6.2,5.5,7.2,7.1,4.4
13.33880903,1,f,33,Manufacturing,HR,JobSiteVacantPosition,yes,m,white,car,9.4,5.5,1.8,4.8,6.7
55.78644764,1,f,27,Retail,Sales,FriendsWithEmployer,yes,m,white,bus,4.6,6.9,7.2,2.5,6.7
12.97741273,1,f,29,Consulting,HR,Advertising,supervisor,f,white,foot,3.8,4.8,6.4,7.9,6.7
32.32854209,0,f,29,Manufacturing,HR,FriendsWithEmployer,no,f,white,bus,3.8,4.8,6.4,7.9,6.7
163.8110883,1,m,19,Manufacturing,HR,EmployeeRecommendation,no,m,white,car,4.6,5.5,6.4,7.9,6
31.96714579,1,m,29,Consulting,HR,JobSite,supervisor,m,white,bus,4.6,3.4,10,6.3,1
4.862422998,0,f,27,Manufacturing,HR,JobSiteVacantPosition,no,m,white,car,5.4,4.1,5.7,7.1,3.7
13.73305955,0,f,29,Manufacturing,HR,Recommendation,no,f,white,bus,6.2,3.4,4.9,7.9,7.5
51.94250513,0,m,33,PowerGeneration,Etc,Recommendation,no,f,white,car,6.2,4.8,4.9,5.6,5.2
22.57084189,1,f,30,RealEstate,HR,Recommendation,no,m,grey,bus,7.8,3.4,4.9,5.6,5.2
19.44969199,0,f,31,Etc,HR,JobSite,supervisor,f,white,bus,7,2.6,4.1,8.7,5.2
73.98767967,0,m,33,Telecom,IT,FriendsWithEmployer,yes,m,white,car,7,6.2,3.3,6.3,7.5
8.739219713,0,m,34,Manufacturing,HR,JobSiteVacantPosition,supervisor,f,white,bus,9.4,7.6,1,4,5.2
48.45995893,1,f,34,Mining,Management,RecruitingAgency,no,f,white,bus,7,2.6,7.2,4.8,5.2
14.85010267,1,m,29,PowerGeneration,HR,Recommendation,no,f,white,bus,3.8,3.4,8,6.3,6
63.54004107,1,f,31,Building,Marketing,Recommendation,no,m,white,car,3.8,5.5,3.3,9.4,9
49.31416838,1,m,42,Consulting,Consulting,JobSiteVacantPosition,supervisor,m,white,bus,5.4,8.4,6.4,5.6,5.2
13.27310062,1,f,34,Mining,HR,JobSite,no,m,white,car,6.2,4.8,4.1,5.6,6.7
17.83983573,1,f,39,Retail,HR,Recommendation,yes,m,white,car,6.2,7.6,4.1,2.5,4.4
114.1355236,1,f,38,Mining,Finance,EmployeeRecommendation,no,m,white,bus,3.8,3.4,9.5,7.1,2.9
8.147843943,0,f,42,Banking,HR,Recommendation,no,f,white,bus,3.8,8.4,2.6,4.8,7.5
8.082135524,1,f,33,Manufacturing,HR,EmployeeRecommendation,supervisor,m,grey,car,7.8,6.9,2.6,4.8,8.3
26.94045175,1,f,44,Transportation,HR,EmployeeRecommendation,no,m,white,car,3.8,6.2,4.9,6.3,10
1.478439425,1,m,28,Transportation,Commercial,EmployeeRecommendation,no,m,white,bus,6.2,3.4,6.4,8.7,6
94.81724846,0,f,30.40033257,Retail,HR,Advertising,no,f,grey,bus,6.2,4.1,4.1,6.3,7.5
12.78028747,1,f,24,Etc,HR,JobSite,supervisor,f,white,bus,8.6,4.8,4.1,6.3,5.2
19.87679671,1,f,29,Manufacturing,HR,JobSite,no,m,white,car,6.2,6.2,4.9,4.8,7.5
34.82546201,0,m,27,Etc,Sales,JobSiteVacantPosition,yes,m,grey,bus,10,2.6,4.1,5.6,9
96.72279261,1,m,30,Retail,Sales,RecruitingAgency,no,m,white,car,6.2,7.6,4.9,4.8,8.3
12.12320329,1,f,39,HoReCa,HR,JobSiteVacantPosition,no,m,white,foot,3.8,6.9,5.7,5.6,3.7
10.64476386,1,f,26,Telecom,IT,JobSiteVacantPosition,supervisor,m,grey,bus,7,4.1,2.6,8.7,9
4.402464066,0,m,40,State,Consulting,RecruitingAgency,no,m,grey,foot,7,6.2,4.1,6.3,9
2.36550308,0,f,28,Building,HR,JobSite,supervisor,m,white,bus,7,6.9,2.6,4,5.2
17.51129363,0,f,39,Transportation,HR,JobSiteVacantPosition,no,f,white,bus,4.6,4.1,4.9,5.6,3.7
17.51129363,0,f,39,Transportation,HR,JobSiteVacantPosition,no,f,white,bus,6.2,4.8,5.7,4,2.9
18.16837782,0,f,24,Retail,HR,FriendsWithEmployer,supervisor,f,white,bus,5.4,4.8,4.9,7.1,6.7
18.16837782,0,f,24,Retail,HR,FriendsWithEmployer,supervisor,f,white,bus,4.6,1.9,8,6.3,6
10.38193018,0,f,34,Etc,Etc,JobSite,supervisor,f,white,car,6.2,1,7.2,4.8,6
7.852156057,0,f,23,Transportation,HR,JobSiteVacantPosition,supervisor,f,white,bus,4.6,7.6,8,5.6,2.1
84.04106776,0,m,28,IT,HR,JobSiteVacantPosition,no,m,white,bus,2.2,5.5,7.2,4.8,3.7
8.213552361,0,f,30,Transportation,HR,JobSiteVacantPosition,no,m,white,bus,6.2,6.2,6.4,3.3,4.4
9.593429158,1,f,34,State,Teaching,EmployeeRecommendation,no,f,white,bus,7.8,7.6,3.3,2.5,7.5
43.92607803,1,f,32,Transportation,HR,Recommendation,supervisor,m,white,bus,6.2,4.8,2.6,5.6,9.8
82.75975359,0,f,20,Telecom,HR,FriendRecommendation,yes,f,white,foot,3.8,6.9,5.7,6.3,6.7
27.92607803,0,f,25,Consulting,HR,JobSite,no,f,white,bus,7,4.1,5.7,5.6,8.3
3.811088296,1,f,23,Etc,HR,Recommendation,yes,m,white,bus,7,4.8,7.2,4.8,4.4
48.09856263,1,f,25,State,Consulting,Recommendation,yes,f,white,bus,7,4.1,5.7,6.3,7.5
8.640657084,1,f,25,Retail,IT,JobSite,no,f,grey,bus,7,2.6,6.4,7.9,5.2
30.68583162,0,f,37,IT,HR,JobSite,supervisor,f,white,bus,5.4,6.9,5.7,5.6,6.7
26.34907598,0,m,36,Transportation,Etc,JobSite,no,m,grey,bus,3.8,8.4,5.7,6.3,6
18.13552361,0,f,23,PowerGeneration,HR,Recommendation,no,m,white,bus,7,5.5,4.1,4.8,6
7.227926078,0,f,26,State,HR,JobSiteVacantPosition,no,m,white,bus,7.8,6.2,3.3,7.1,6.7
23.2936345,1,f,32,Consulting,HR,FriendsWithEmployer,no,f,white,car,6.2,6.2,7.2,3.3,2.9
100.238193,0,f,23,Retail,HR,Recommendation,no,m,white,car,5.4,5.5,5.7,4.8,9.8
36.00821355,0,f,45,Transportation,HR,FriendRecommendation,no,f,white,car,4.6,4.8,4.9,8.7,5.2
19.18685832,1,f,25,Consulting,HR,JobSite,supervisor,f,grey,bus,7,4.8,5.7,4.8,5.2
43.95893224,0,f,38,Retail,HR,FriendsWithEmployer,no,m,white,bus,7.8,7.6,2.6,5.6,7.5
90.15195072,0,f,20,Telecom,HR,EmployeeRecommendation,supervisor,f,white,bus,9.4,6.9,2.6,3.3,7.5
22.24229979,1,f,34,Retail,HR,JobSite,no,m,white,car,7.8,4.1,2.6,4.8,4.4
33.57700205,0,f,24,IT,HR,JobSite,no,m,white,bus,6.2,6.2,4.9,3.3,4.4
5.94661191,0,f,38,Retail,BusinessDevelopment,JobSiteVacantPosition,no,m,white,car,7,4.8,4.1,7.1,9
19.74537988,0,f,33,Pharma,HR,Recommendation,no,m,white,bus,5.4,6.9,4.1,4.8,6
26.02053388,1,m,25,Retail,IT,EmployeeRecommendation,no,m,white,car,2.2,7.6,5.7,7.9,6
25.36344969,0,f,32,Manufacturing,HR,RecruitingAgency,no,m,white,car,6.2,6.9,5.7,4.8,8.3
41.69199179,1,f,36,Manufacturing,Sales,RecruitingAgency,no,m,grey,car,8.6,4.8,1.8,7.1,8.3
23.55646817,1,f,32,Etc,HR,JobSiteVacantPosition,supervisor,f,white,bus,5.4,6.9,7.2,7.9,6.7
80.49281314,1,f,25,Consulting,HR,JobSiteVacantPosition,supervisor,f,white,bus,6.2,6.2,5.7,3.3,6.7
22.01232033,0,m,37,Manufacturing,Etc,JobSiteVacantPosition,no,m,white,bus,3,8.4,5.7,5.6,6.7
42.38193018,1,f,26,Consulting,BusinessDevelopment,JobSite,supervisor,m,white,bus,9.4,6.9,3.3,3.3,6
33.41273101,0,m,32,Retail,HR,JobSiteVacantPosition,no,m,white,bus,4.6,2.6,6.4,8.7,6
64.52566735,0,f,25,Etc,HR,RecruitingAgency,supervisor,m,white,foot,7.8,4.1,6.4,4,3.7
3.482546201,1,f,37,IT,HR,JobSite,yes,f,white,bus,6.2,6.9,5.7,6.3,5.2
88.83778234,1,f,25,Transportation,HR,EmployeeRecommendation,supervisor,f,white,car,4.6,6.9,4.9,4,6
110.4887064,0,f,25,Pharma,HR,FriendsWithEmployer,supervisor,f,white,bus,10,1.9,2.6,7.1,9.8
14.06160164,0,f,56,Retail,HR,JobSite,no,m,white,bus,4.6,6.2,4.9,5.6,6.7
11.99178645,1,m,24,State,Teaching,Recommendation,no,f,white,bus,6.2,4.1,5.7,5.6,3.7
101.5195072,0,f,32,IT,HR,Recommendation,no,f,white,bus,4.6,7.6,4.1,4.8,6
179.449692,0,f,24,Retail,HR,RecruitingAgency,no,f,white,bus,7,4.8,2.6,5.6,8.3
12.38603696,0,f,24,Pharma,HR,JobSiteVacantPosition,yes,f,white,bus,5.4,6.9,5.7,5.6,4.4
24.90349076,0,f,24,Manufacturing,HR,JobSiteVacantPosition,no,m,white,bus,3.8,7.6,8,4.8,2.9
61.99589322,0,m,31,Banking,HR,JobSiteVacantPosition,no,f,white,car,5.4,4.8,8.7,5.6,4.4
24.47638604,0,f,27,Building,HR,JobSite,no,m,white,bus,8.6,5.5,4.9,3.3,3.7
63.70431211,0,f,37,Manufacturing,HR,RecruitingAgency,no,m,white,foot,6.2,6.9,3.3,7.1,6.7
5.388090349,1,f,38,Retail,HR,Recommendation,no,m,white,car,1.4,4.1,7.2,6.3,7.5
64.75564682,0,f,35,Consulting,HR,FriendsWithEmployer,supervisor,f,white,foot,7,6.2,7.2,2.5,5.2
64.75564682,0,f,35,Consulting,HR,FriendsWithEmployer,supervisor,f,white,foot,8.6,6.9,5.7,3.3,4.4
2.694045175,0,m,29,PowerGeneration,HR,FriendsWithEmployer,no,f,white,bus,7,5.5,8,5.6,8.3
2.39835729,0,m,25,Retail,Marketing,JobSiteVacantPosition,no,f,white,car,6.2,2.6,5.7,5.6,6.7
26.87474333,1,f,26,Consulting,HR,JobSiteVacantPosition,supervisor,f,white,bus,8.6,4.1,4.9,5.6,5.2
144.7556468,0,f,27,Manufacturing,HR,EmployeeRecommendation,no,f,white,car,5.4,9.1,3.3,4.8,6
45.30595483,1,f,34,Retail,HR,JobSiteVacantPosition,no,f,white,bus,7,1.9,9.5,5.6,6
45.30595483,1,f,34,Retail,HR,JobSiteVacantPosition,no,f,white,bus,6.2,2.6,8.7,6.3,6
45.30595483,1,f,34,Retail,HR,JobSiteVacantPosition,no,f,white,bus,5.4,2.6,10,3.3,3.7
45.30595483,1,f,34,Retail,HR,JobSiteVacantPosition,no,f,white,bus,4.6,5.5,10,2.5,5.2
6.078028747,0,f,35,HoReCa,HR,JobSiteVacantPosition,no,f,white,bus,5.4,5.5,7.2,5.6,2.9
22.63655031,1,f,36,PowerGeneration,Accounting,JobSite,no,f,white,bus,7.8,1.9,4.1,7.1,9
96.59137577,0,f,46,Etc,Marketing,FriendsWithEmployer,no,m,white,bus,4.6,8.4,4.9,7.9,6
10.90759754,1,f,32,Building,HR,Recommendation,supervisor,m,white,car,7.8,5.5,4.9,6.3,9
16.95277207,0,f,38,Retail,HR,JobSiteVacantPosition,no,f,white,foot,7,1.9,9.5,5.6,6
16.95277207,0,f,38,Retail,HR,JobSiteVacantPosition,no,f,white,foot,6.2,2.6,8.7,6.3,6
16.95277207,0,f,38,Retail,HR,JobSiteVacantPosition,no,f,white,foot,5.4,2.6,10,3.3,3.7
16.95277207,0,f,38,Retail,HR,JobSiteVacantPosition,no,f,white,foot,4.6,5.5,10,2.5,5.2
61.2073922,0,f,25,Etc,HR,JobSiteVacantPosition,no,f,white,bus,6.2,6.2,3.3,6.3,6.7
9.264887064,1,f,23,Retail,HR,JobSiteVacantPosition,no,f,white,bus,7,5.5,3.3,4.8,6.7
81.64271047,0,f,31,Retail,HR,JobSiteVacantPosition,yes,f,white,bus,4.6,5.5,7.2,3.3,2.9
81.64271047,0,f,31,Retail,HR,JobSiteVacantPosition,yes,f,white,bus,4.6,5.5,7.2,4.8,3.7
55.95071869,0,f,40,Etc,HR,JobSiteVacantPosition,no,f,white,foot,3.8,8.4,8,4,4.4
55.95071869,0,f,40,Etc,HR,JobSiteVacantPosition,no,f,white,foot,4.6,9.1,4.9,3.3,2.9
49.7412731,0,m,40,IT,Sales,FriendsWithEmployer,no,m,white,car,1.4,6.9,9.5,6.3,1.3
57.10061602,0,m,26,Building,HR,FriendsWithEmployer,supervisor,m,white,car,4.6,6.9,4.9,5.6,6.7
163.7782341,0,m,23,Retail,HR,JobSite,no,f,white,car,4.6,6.2,8,7.1,5.2
163.7782341,0,m,23,Retail,HR,JobSite,no,f,white,car,5.4,7.6,5.7,7.1,6
54.01232033,1,m,37,IT,IT,Recommendation,no,m,white,bus,7.8,4.8,2.6,5.6,9.8
23.75359343,0,f,34,Banking,HR,JobSiteVacantPosition,no,f,white,bus,3.8,6.9,7.2,5.6,5.2
1.412731006,1,f,29,Banking,HR,JobSiteVacantPosition,supervisor,f,white,bus,4.6,4.1,6.4,4.8,4.4
59.89322382,1,f,27,Retail,HR,JobSiteVacantPosition,supervisor,m,white,car,6.2,6.9,4.1,5.6,6
27.4661191,0,f,31,Consulting,Marketing,Recommendation,no,m,white,foot,5.4,5.5,3.3,7.9,8.3
89.19917864,1,m,18,Retail,Sales,EmployeeRecommendation,supervisor,m,white,bus,7.8,5.5,2.6,7.1,7.5
47.21149897,0,f,31,HoReCa,HR,Recommendation,no,f,white,car,7,4.8,6.4,4,6.7
21.48665298,0,f,27,Retail,HR,JobSite,supervisor,m,white,bus,5.4,7.6,6.4,4,4.4
8.344969199,0,f,35,Etc,HR,Recommendation,no,f,white,bus,5.4,6.9,7.2,7.9,6.7
48.19712526,0,f,39,Manufacturing,HR,Recommendation,supervisor,f,white,bus,3,7.6,9.5,3.3,4.4
48.19712526,0,f,39,Manufacturing,HR,Recommendation,supervisor,f,white,bus,3,7.6,8,4,1.3
42.18480493,0,f,27,PowerGeneration,HR,JobSiteVacantPosition,no,m,white,bus,3,2.6,6.4,7.1,7.5
42.18480493,0,f,27,PowerGeneration,HR,JobSiteVacantPosition,no,m,white,bus,3,5.5,4.1,7.1,8.3
39.22792608,1,f,37,Retail,HR,FriendsWithEmployer,no,f,white,car,6.2,6.9,4.1,6.3,8.3
39.22792608,1,f,37,Retail,HR,FriendsWithEmployer,no,f,white,car,3.8,9.1,4.9,5.6,7.5
39.22792608,1,f,37,Retail,HR,FriendsWithEmployer,no,f,white,car,6.2,6.9,4.1,6.3,8.3
39.22792608,1,f,37,Retail,HR,FriendsWithEmployer,no,f,white,car,3.8,9.1,4.9,5.6,7.5
43.69609856,0,f,36,IT,HR,JobSiteVacantPosition,supervisor,f,white,bus,5.4,6.9,5.7,5.6,6.7
14.22587269,0,f,31,IT,HR,FriendsWithEmployer,supervisor,f,white,bus,6.2,6.2,5.7,3.3,6.7
33.90554415,0,f,23,Retail,HR,JobSite,supervisor,f,white,bus,6.2,4.1,8,4,4.4
70.34086242,0,f,31,Manufacturing,HR,FriendsWithEmployer,supervisor,f,white,bus,1.4,7.6,8,5.6,1
39.88501027,0,m,22,Etc,HR,JobSiteVacantPosition,no,f,white,bus,8.6,2.6,6.4,6.3,6.7
144.5913758,1,m,30,Retail,Finance,FriendsWithEmployer,no,f,white,bus,8.6,2.6,4.9,7.1,7.5
15.17864476,0,f,45,Retail,HR,FriendsWithEmployer,no,f,white,foot,3.8,6.9,8,6.3,5.2
57.65913758,0,f,33,PowerGeneration,HR,JobSite,supervisor,f,white,car,7.8,6.2,6.4,7.9,6
57.65913758,0,f,33,PowerGeneration,HR,JobSite,supervisor,f,white,car,3.8,3.4,5.7,8.7,7.5
47.96714579,1,f,33,Banking,HR,JobSite,no,f,white,bus,7,6.2,1,9.4,7.5
42.25051335,1,f,18,Banking,HR,Recommendation,supervisor,f,white,bus,6.2,6.2,4.1,2.5,5.2
12.68172485,1,f,36,PowerGeneration,HR,JobSiteVacantPosition,supervisor,m,white,bus,6.2,5.5,5.7,5.6,6.7
15.93429158,0,f,41,Retail,HR,JobSiteVacantPosition,no,m,grey,bus,7.8,7.6,4.1,1.7,5.2
29.47022587,1,f,29,Banking,HR,FriendsWithEmployer,no,f,white,bus,6.2,5.5,4.9,5.6,9.8
1.18275154,0,f,50,Pharma,BusinessDevelopment,JobSiteVacantPosition,no,m,grey,car,4.6,6.2,8,4.8,5.2
56.73921971,0,f,34,HoReCa,HR,JobSiteVacantPosition,no,f,white,car,6.2,4.1,7.2,4.8,1
116.7310062,1,m,38,Retail,Commercial,RecruitingAgency,yes,m,white,car,7.8,9.1,2.6,4,9
39.68788501,0,f,25,IT,HR,JobSiteVacantPosition,no,m,white,bus,6.2,6.9,2.6,5.6,7.5
49.87268994,1,f,30.40033257,State,Finance,EmployeeRecommendation,no,m,grey,bus,10,5.5,4.1,4,7.5
12.22176591,1,m,27,Retail,Sales,JobSiteVacantPosition,supervisor,m,white,car,3.8,3.4,2.6,10,9
19.28542094,1,f,38,Retail,Commercial,JobSite,no,m,white,car,7,6.9,4.1,4,6.7
43.86036961,0,f,29,Retail,HR,JobSiteVacantPosition,no,f,white,car,8.6,6.2,4.9,4.8,9
131.613963,0,f,26,Telecom,IT,JobSiteVacantPosition,supervisor,m,white,car,3,6.9,4.9,6.3,6
13.9301848,0,f,27,Manufacturing,HR,JobSite,no,f,white,bus,7,4.8,6.4,4.8,4.4
18.92402464,0,m,43,Consulting,IT,EmployeeRecommendation,no,m,white,foot,6.2,4.1,5.7,7.1,8.3
81.83983573,1,m,34,Retail,Commercial,RecruitingAgency,no,m,white,car,3.8,3.4,7.2,8.7,7.5
16.75564682,0,f,31,Etc,HR,Recommendation,no,f,grey,bus,8.6,4.8,2.6,7.9,6.7
20.69815195,0,f,27,Manufacturing,HR,FriendsWithEmployer,no,m,white,bus,7.8,4.8,1.8,6.3,6
51.31827515,0,f,28,Manufacturing,HR,JobSiteVacantPosition,supervisor,f,white,car,7,4.8,5.7,2.5,4.4
6.242299795,0,f,21,Consulting,HR,FriendsWithEmployer,yes,f,grey,bus,7,6.2,4.1,4.8,6.7
7.030800821,1,f,39,State,HR,FriendsWithEmployer,no,f,white,car,7,4.1,2.6,7.9,7.5
7.030800821,1,f,39,State,HR,FriendsWithEmployer,no,f,white,car,7.8,6.2,2.6,5.6,6.7
2.266940452,1,f,39,State,Teaching,Recommendation,no,m,grey,bus,2.2,6.9,8.7,6.3,5.2
26.54620123,1,f,27,Retail,Sales,EmployeeRecommendation,supervisor,m,white,bus,8.6,7.6,1,5.6,10
79.01437372,1,m,29,Retail,IT,EmployeeRecommendation,yes,m,white,car,1.4,4.1,10,4.8,1.3
0.525667351,0,f,49,Telecom,HR,FriendsWithEmployer,no,m,white,car,5.4,2.6,4.1,6.3,6.7
140.2217659,0,m,27,Retail,BusinessDevelopment,EmployeeRecommendation,no,m,white,car,3.8,6.2,4.1,7.9,5.2
26.57905544,1,f,28,Banking,HR,JobSiteVacantPosition,no,f,white,foot,3.8,9.1,6.4,4.8,6.7
25.52772074,1,f,27,Consulting,Sales,Recommendation,supervisor,m,grey,bus,7,4.8,4.9,5.6,6.7
5.125256674,0,m,23,Consulting,HR,JobSite,supervisor,m,white,bus,4.6,6.2,4.9,6.3,8.3
40.11498973,0,m,41,IT,IT,FriendsWithEmployer,no,m,white,car,1.4,6.9,9.5,6.3,1.3
32.32854209,0,m,49,PowerGeneration,IT,FriendsWithEmployer,no,m,grey,car,3,3.4,8.7,5.6,3.7
1.708418891,0,m,30,IT,IT,FriendsWithEmployer,supervisor,m,white,bus,6.2,4.8,7.2,4.8,3.7
50.29979466,0,f,21,Banking,HR,JobSiteVacantPosition,supervisor,f,grey,bus,4.6,6.9,7.2,7.1,1.3
70.50513347,1,f,24,Manufacturing,HR,EmployeeRecommendation,no,f,white,bus,7.8,5.5,7.2,5.6,3.7
14.58726899,1,f,34,Retail,HR,JobSiteVacantPosition,supervisor,m,white,car,3.8,4.8,6.4,7.9,6.7
37.15811088,1,m,38,Retail,HR,Recommendation,no,f,white,bus,7,3.4,5.7,8.7,5.2
27.33470226,0,f,32,Etc,Sales,JobSite,no,m,white,bus,7.8,5.5,2.6,4,7.5
32.85420945,1,f,58,Retail,Accounting,JobSiteVacantPosition,no,m,white,bus,5.4,4.8,6.4,4.8,6
5.453798768,0,m,29,PowerGeneration,HR,FriendsWithEmployer,no,f,white,bus,7,5.5,8,5.6,8.3
79.54004107,0,m,23,IT,IT,JobSiteVacantPosition,supervisor,m,white,car,4.6,5.5,8.7,4.8,4.4
12.64887064,0,f,36,IT,HR,FriendRecommendation,yes,m,white,bus,4.6,6.9,4.9,5.6,6
20.30390144,0,f,45,State,HR,Recommendation,no,f,grey,bus,6.2,6.2,3.3,6.3,8.3
20.30390144,0,f,45,State,HR,Recommendation,no,f,grey,bus,4.6,4.8,4.1,7.9,9
10.48049281,1,f,28,Consulting,HR,JobSiteVacantPosition,supervisor,m,white,bus,7,4.1,3.3,4.8,6.7
11.03901437,1,f,37,Mining,HR,Recommendation,no,m,white,bus,4.6,4.8,8,5.6,8.3
128.1314168,0,f,32,Building,HR,RecruitingAgency,no,m,white,bus,7.8,6.9,4.1,3.3,7.5
5.585215606,0,m,37,IT,IT,Recommendation,supervisor,m,white,bus,6.2,6.9,4.1,4,8.3
61.07597536,0,m,29,IT,IT,Recommendation,no,m,white,bus,1,5.5,10,7.1,2.9
110.0287474,0,f,25,Retail,HR,JobSiteVacantPosition,supervisor,m,white,car,6.2,3.4,6.4,6.3,7.5
52.27104723,0,m,27,Retail,IT,RecruitingAgency,no,m,white,bus,3.8,6.2,4.1,9.4,6.7
5.650924025,0,f,42,IT,IT,RecruitingAgency,no,m,white,foot,1.4,7.6,8.7,4.8,5.2
22.66940452,1,m,32,IT,IT,JobSite,no,m,white,car,1.4,7.6,9.5,6.3,5.2
6.275154004,0,m,28,Banking,IT,Recommendation,yes,m,white,bus,2.2,7.6,5.7,5.6,2.9
10.61190965,0,m,40,State,Finance,Recommendation,no,f,white,car,4.6,7.6,5.7,6.3,7.5
23.81930185,1,m,22,Building,Consulting,FriendsWithEmployer,yes,m,white,bus,7,4.8,2.6,7.1,6.7
50.89117043,1,m,34,IT,IT,EmployeeRecommendation,no,f,white,car,3.8,3.4,5.7,7.9,6.7
38.53798768,0,m,40,IT,IT,JobSite,no,m,white,car,3.8,6.2,8.7,6.3,4.4
16.62422998,0,m,24,IT,IT,JobSite,yes,m,white,bus,5.4,4.8,6.4,5.6,3.7
28.02464066,0,m,34,IT,IT,EmployeeRecommendation,no,m,white,foot,6.2,1.2,7.2,6.3,9
31.50718686,0,m,29,IT,IT,JobSiteVacantPosition,no,m,white,bus,3.8,2.6,6.4,7.9,8.3
5.158110883,0,m,40,Consulting,IT,FriendsWithEmployer,no,m,white,foot,3.8,4.1,7.2,8.7,6.7
4.928131417,0,f,23,IT,HR,Recommendation,yes,m,white,bus,5.4,4.8,5.7,7.1,6.7
12.68172485,1,f,36,PowerGeneration,HR,JobSiteVacantPosition,supervisor,m,white,bus,6.2,5.5,5.7,5.6,6.7
40.87063655,1,m,35,IT,IT,EmployeeRecommendation,yes,m,white,car,6.2,7.6,4.1,6.3,6.7
36.59958932,0,m,24,IT,IT,JobSite,yes,m,white,car,5.4,1.9,6.4,9.4,6
103.7207392,0,f,34,Retail,Accounting,Recommendation,no,f,white,car,4.6,3.4,8,5.6,5.2
9.199178645,1,m,44,IT,Engineer,JobSite,no,m,white,bus,7,7.6,6.4,6.3,6
16.78850103,0,f,29,Banking,HR,FriendsWithEmployer,supervisor,f,white,bus,3.8,7.6,8,6.3,4.4
34.29979466,0,m,34,Manufacturing,HR,EmployeeRecommendation,supervisor,f,white,bus,7.8,4.8,7.2,6.3,7.5
16.85420945,0,m,28,IT,IT,JobSite,supervisor,m,white,bus,4.6,4.8,5.7,6.3,4.4
16.62422998,0,f,23,Retail,HR,JobSiteVacantPosition,no,f,white,bus,3,4.8,6.4,5.6,3.7
42.61190965,0,f,37,Transportation,HR,JobSiteVacantPosition,no,m,white,bus,4.6,6.2,8,4.8,6
16.65708419,0,m,29,Mining,HR,JobSite,no,f,white,foot,2.2,7.6,6.4,9.4,6
16.65708419,0,m,29,Mining,HR,JobSite,no,f,white,foot,2.2,5.5,7.2,7.1,6.7
82.7926078,0,m,23,Retail,Sales,JobSite,supervisor,m,white,bus,6.2,2.6,8.7,4.8,5.2
1.839835729,0,f,32,Retail,HR,JobSiteVacantPosition,no,f,white,bus,4.6,4.1,6.4,5.6,6
73.42915811,0,f,29,Retail,Commercial,FriendsWithEmployer,supervisor,m,white,foot,4.6,4.8,7.2,6.3,2.9
0.394250513,1,m,36,IT,IT,JobSite,no,m,white,foot,3.8,7.6,2.6,7.9,4.4
123.6960986,0,f,32,Manufacturing,HR,FriendsWithEmployer,no,m,grey,car,3.8,9.1,4.9,4.8,6
12.97741273,1,f,26,Consulting,HR,JobSite,supervisor,m,grey,bus,7.8,6.9,4.1,4,4.4
7.819301848,0,f,30,Retail,HR,EmployeeRecommendation,no,m,white,car,5.4,3.4,3.3,8.7,8.3
7.819301848,0,f,30,Retail,HR,EmployeeRecommendation,no,m,white,car,6.2,6.2,7.2,3.3,3.7
155.3675565,0,f,30,RealEstate,Sales,EmployeeRecommendation,supervisor,m,white,foot,5.4,6.9,2.6,5.6,8.3
15.70431211,0,f,24,Mining,HR,Advertising,yes,f,white,bus,5.4,4.1,6.4,6.3,2.1
19.31827515,0,m,28,IT,IT,EmployeeRecommendation,no,m,white,bus,4.6,4.8,7.2,6.3,5.2
20.99383984,0,f,26,Consulting,HR,JobSite,no,m,white,bus,10,4.1,1,7.1,7.5
2.792607803,0,f,41,Manufacturing,HR,FriendsWithEmployer,no,f,white,bus,7,4.8,3.3,5.6,7.5
37.12525667,1,f,38,Manufacturing,HR,RecruitingAgency,supervisor,m,white,car,3,3.4,7.2,5.6,5.2
18.16837782,1,f,24,Consulting,HR,JobSiteVacantPosition,no,f,white,bus,5.4,6.9,7.2,2.5,4.4
11.66324435,0,f,37,Telecom,HR,JobSiteVacantPosition,no,f,white,foot,7,4.1,6.4,5.6,8.3
5.092402464,0,f,47,Manufacturing,HR,FriendRecommendation,no,f,white,car,5.4,7.6,4.9,4.8,6.7
22.70225873,0,f,26,Retail,HR,Recommendation,supervisor,f,white,car,5.4,5.5,4.9,7.9,6.7
3.778234086,0,f,46,Manufacturing,HR,FriendsWithEmployer,no,f,white,bus,3,4.1,6.4,5.6,5.2
3.449691992,0,f,30,IT,HR,JobSite,no,m,white,bus,6.2,7.6,3.3,6.3,7.5
11.03901437,1,f,37,Retail,HR,Recommendation,no,m,white,car,7,6.2,3.3,5.6,9
9.034907598,0,f,30,IT,HR,EmployeeRecommendation,supervisor,m,white,bus,5.4,3.4,3.3,8.7,8.3
9.034907598,0,f,30,IT,HR,EmployeeRecommendation,supervisor,m,white,bus,6.2,6.2,7.2,3.3,3.7
24.83778234,0,f,34,IT,HR,FriendsWithEmployer,no,m,white,bus,5.4,4.1,3.3,7.9,7.5
5.519507187,0,f,23,Retail,HR,JobSiteVacantPosition,supervisor,f,white,bus,4.6,6.9,5.7,4.8,9
32.26283368,1,f,35,Manufacturing,HR,JobSiteVacantPosition,no,m,white,car,5.4,4.1,4.1,7.1,7.5
52.66529774,1,f,42,Manufacturing,HR,JobSite,no,m,white,bus,7.8,5.5,8.7,4.8,6
4.041067762,0,f,41,Manufacturing,HR,FriendsWithEmployer,no,m,white,bus,3,3.4,7.2,5.6,5.2
30.78439425,0,f,41,Agriculture,HR,JobSite,no,m,white,car,7.8,2.6,4.1,6.3,4.4
4.960985626,0,f,42,IT,HR,JobSiteVacantPosition,supervisor,m,white,bus,7.8,5.5,2.6,6.3,8.3
4.960985626,0,f,42,IT,HR,JobSiteVacantPosition,supervisor,m,white,bus,8.6,5.5,3.3,6.3,7.5
4.960985626,0,f,42,IT,HR,JobSiteVacantPosition,supervisor,m,white,bus,7,6.9,4.1,5.6,7.5
39.26078029,1,f,37,Retail,HR,FriendsWithEmployer,no,f,white,car,6.2,6.9,4.1,6.3,8.3
39.26078029,1,f,37,Retail,HR,FriendsWithEmployer,no,f,white,car,3.8,9.1,4.9,5.6,7.5
38.70225873,0,f,33,Retail,HR,EmployeeRecommendation,supervisor,m,white,car,5.4,4.1,6.4,5.6,6.7
2.036960986,1,f,48,PowerGeneration,HR,JobSite,no,f,white,bus,6.2,4.8,5.7,8.7,7.5
105.1663244,0,f,34,Retail,Accounting,Recommendation,no,f,white,car,4.6,3.4,8,5.6,5.2
7.162217659,0,f,23,Consulting,Etc,JobSiteVacantPosition,supervisor,m,white,foot,4.6,7.6,4.9,5.6,5.2
13.10882957,1,f,21,PowerGeneration,HR,JobSiteVacantPosition,supervisor,f,grey,bus,3.8,6.9,8.7,4,6.7
8.410677618,0,m,24,IT,IT,JobSite,no,m,white,bus,3.8,4.1,4.1,8.7,6
3.876796715,0,f,21,IT,HR,Advertising,no,m,white,bus,7,4.8,4.1,5.6,8.3
12.25462012,0,f,38,Consulting,HR,JobSiteVacantPosition,supervisor,f,white,bus,2.2,8.4,7.2,3.3,5.2
37.9137577,0,f,34,Telecom,HR,JobSiteVacantPosition,yes,f,white,bus,3,6.2,8.7,5.6,7.5
32.88706366,0,f,27,Pharma,HR,Recommendation,supervisor,m,white,bus,3,5.5,10,6.3,4.4
3.58110883,0,f,32,Retail,Sales,JobSiteVacantPosition,no,m,white,car,7,4.1,8.7,3.3,1
43.8275154,1,f,27,Etc,HR,JobSiteVacantPosition,supervisor,f,white,bus,5.4,6.2,5.7,5.6,6.7
22.37371663,1,f,31,IT,IT,JobSiteVacantPosition,supervisor,m,white,bus,5.4,5.5,7.2,4.8,5.2
4.073921971,1,f,26,Retail,Sales,EmployeeRecommendation,supervisor,f,grey,bus,5.4,7.6,2.6,4.8,9
12.32032854,0,m,28,IT,IT,FriendsWithEmployer,no,m,white,foot,2.2,5.5,8.7,5.6,6
17.18275154,1,f,24,Retail,HR,JobSiteVacantPosition,supervisor,f,white,bus,6.2,4.8,7.2,4,6.7
49.80698152,0,m,34,Manufacturing,HR,RecruitingAgency,no,m,white,car,5.4,4.1,8,7.1,8.3
49.80698152,0,m,34,Manufacturing,HR,RecruitingAgency,no,m,white,car,3,5.5,7.2,7.9,6
85.48665298,0,f,22,Retail,Commercial,EmployeeRecommendation,no,f,white,bus,7,5.5,6.4,4.8,2.9
30.35728953,0,f,30,Transportation,HR,JobSite,no,m,white,bus,3.8,3.4,7.2,7.9,2.9
78.32443532,0,f,27,Consulting,Consulting,Advertising,no,m,white,bus,6.2,3.4,5.7,4.8,8.3
24.24640657,0,f,30,State,HR,Recommendation,supervisor,f,white,bus,5.4,9.8,3.3,5.6,6.7
24.08213552,1,f,42,Transportation,HR,JobSite,no,m,white,bus,5.4,4.8,4.1,4.8,6
0.689938398,0,f,24,Mining,HR,JobSiteVacantPosition,no,f,white,bus,4.6,7.6,7.2,2.5,3.7
9.429158111,0,m,36,PowerGeneration,HR,Recommendation,no,m,white,bus,7,4.8,4.1,4,4.4
15.01437372,0,f,30,IT,HR,FriendsWithEmployer,no,m,white,car,9.4,4.1,3.3,5.6,7.5
59.40041068,0,f,24,Retail,HR,JobSiteVacantPosition,yes,f,white,bus,8.6,4.1,4.9,7.9,5.2
91.99178645,1,f,39,Banking,HR,EmployeeRecommendation,no,m,white,car,5.4,9.1,3.3,2.5,8.3
11.8275154,0,m,35,State,HR,JobSite,no,f,white,bus,3.8,4.8,7.2,5.6,6.7
19.1211499,0,m,39,Retail,IT,FriendsWithEmployer,supervisor,f,white,car,7.8,3.4,3.3,7.1,6.7
20.89527721,0,m,27,Consulting,HR,JobSiteVacantPosition,supervisor,m,white,bus,3,4.8,6.4,7.1,7.5
81.24845996,0,f,27,Mining,HR,JobSiteVacantPosition,no,m,white,bus,3,5.5,7.2,4.8,6.7
23.03080082,0,f,24,Retail,HR,FriendsWithEmployer,supervisor,f,white,bus,5.4,4.8,4.9,7.1,6.7
23.03080082,0,f,24,Retail,HR,FriendsWithEmployer,supervisor,f,white,bus,4.6,1.9,8,6.3,6
53.48665298,1,m,41,IT,Consulting,JobSite,no,m,white,bus,3.8,3.4,8,7.9,6
55.22792608,0,f,28,IT,HR,JobSite,supervisor,m,white,car,8.6,4.8,1,6.3,8.3
89.00205339,1,m,32,Retail,Commercial,JobSiteVacantPosition,no,m,grey,car,3.8,3.4,8.7,7.9,4.4
4.993839836,0,f,31,Manufacturing,HR,JobSiteVacantPosition,no,f,white,bus,7.8,5.5,3.3,5.6,8.3
9.790554415,1,f,41,Retail,HR,JobSite,no,f,white,bus,3,6.9,6.4,4.8,6
9.790554415,1,f,41,Retail,HR,JobSite,no,f,white,bus,2.2,6.9,8,6.3,3.7
9.790554415,1,f,41,Retail,HR,JobSite,no,f,white,bus,3,6.9,7.2,4.8,5.2
11.26899384,0,f,43,Manufacturing,HR,Recommendation,no,m,white,car,5.4,4.8,5.7,6.3,6.7
58.80903491,1,f,32,Transportation,PR,EmployeeRecommendation,no,f,white,car,4.6,2.6,6.4,4.8,4.4
24.27926078,0,m,45,Manufacturing,HR,JobSite,no,m,white,car,6.2,3.4,7.2,6.3,3.7
24.27926078,0,m,45,Manufacturing,HR,JobSite,no,m,white,car,7,5.5,5.7,6.3,6
73.3963039,0,f,43,IT,HR,JobSite,no,m,white,bus,7.8,6.2,4.1,4,8.3
2.102669405,0,f,38,Retail,HR,JobSite,no,m,grey,car,8.6,5.5,4.1,5.6,6.7
2.102669405,0,f,38,Retail,HR,JobSite,no,m,grey,car,8.6,3.4,4.1,7.1,6
2.102669405,0,f,38,Retail,HR,JobSite,no,m,grey,car,7.8,4.1,4.1,7.1,6.7
8.772073922,0,f,46,Etc,HR,JobSite,no,f,white,bus,6.2,4.8,7.2,5.6,6.7
86.04517454,0,f,35,Etc,HR,RecruitingAgency,no,f,white,car,3,7.6,7.2,4.8,2.9
19.44969199,0,m,38,Manufacturing,HR,FriendRecommendation,no,m,white,foot,6.2,4.1,6.4,6.3,5.2
19.44969199,0,m,38,Manufacturing,HR,FriendRecommendation,no,m,white,foot,8.6,2.6,7.2,4.8,4.4
20.59958932,1,f,26,Manufacturing,HR,EmployeeRecommendation,no,m,white,car,3,4.8,7.2,7.9,5.2
20.59958932,1,f,26,Manufacturing,HR,EmployeeRecommendation,no,m,white,car,3,5.5,5.7,7.1,5.2
7.852156057,0,f,27,Telecom,HR,JobSiteVacantPosition,no,f,white,bus,7,4.8,4.1,4.8,7.5
7.852156057,0,f,27,Telecom,HR,JobSiteVacantPosition,no,f,white,bus,5.4,6.9,8,4.8,6
21.65092402,0,f,43,Building,HR,FriendsWithEmployer,no,m,white,bus,6.2,6.2,4.1,5.6,6.7
20.76386037,0,m,26,Telecom,HR,JobSiteVacantPosition,yes,f,white,bus,3,6.9,4.9,4.8,7.5
33.97125257,0,f,25,Banking,HR,JobSiteVacantPosition,yes,f,white,bus,7,6.2,3.3,3.3,3.7
99.77823409,0,f,26,Transportation,HR,JobSiteVacantPosition,yes,f,white,bus,5.4,2.6,7.2,7.1,5.2
99.77823409,0,f,26,Transportation,HR,JobSiteVacantPosition,yes,f,white,bus,5.4,4.1,8.7,4.8,2.9
60.78028747,0,f,33,PowerGeneration,HR,JobSite,supervisor,f,white,car,7.8,6.2,6.4,7.9,6
60.78028747,0,f,33,PowerGeneration,HR,JobSite,supervisor,f,white,car,3.8,3.4,5.7,8.7,7.5
51.58110883,0,f,38,Manufacturing,HR,EmployeeRecommendation,no,m,white,car,3.8,6.9,4.9,4.8,6
5.585215606,0,f,32,IT,HR,JobSiteVacantPosition,yes,m,white,bus,6.2,3.4,8,3.3,3.7
6.866529774,0,f,45,Etc,HR,JobSite,no,f,white,car,4.6,4.8,8.7,4.8,6
23.9835729,0,m,32,Retail,HR,Recommendation,no,f,white,bus,7.8,2.6,5.7,8.7,5.2
9.691991786,0,f,35,RealEstate,HR,Recommendation,no,m,white,car,7.8,3.4,5.7,4,6
73.29774127,1,f,24,Retail,HR,Recommendation,supervisor,f,white,bus,5.4,8.4,4.1,4.8,6
73.29774127,1,f,24,Retail,HR,Recommendation,supervisor,f,white,bus,7.8,5.5,4.1,4.8,5.2
34.56262834,1,m,31,Retail,BusinessDevelopment,RecruitingAgency,supervisor,m,white,car,9.4,4.8,4.1,7.1,5.2
34.56262834,1,m,31,Retail,BusinessDevelopment,RecruitingAgency,supervisor,m,white,car,7.8,4.8,3.3,7.1,5.2
42.90759754,0,f,24,Banking,HR,JobSiteVacantPosition,supervisor,f,white,bus,6.2,6.2,4.1,4.8,6
70.93223819,0,m,26,Pharma,HR,EmployeeRecommendation,supervisor,f,white,bus,4.6,4.1,5.7,8.7,5.2
5.35523614,0,f,34,Retail,HR,Recommendation,no,f,white,car,6.2,5.5,6.4,7.1,6
43.17043121,0,f,42,Mining,HR,FriendsWithEmployer,no,m,white,bus,4.6,6.2,7.2,6.3,6
11.72895277,0,f,27,PowerGeneration,Finance,JobSiteVacantPosition,supervisor,m,white,bus,6.2,3.4,6.4,7.1,6.7
4.468172485,0,f,35,Manufacturing,HR,FriendsWithEmployer,no,m,white,car,7,4.1,6.4,6.3,6.7
55.12936345,0,f,37,Consulting,HR,FriendsWithEmployer,no,m,white,bus,6.2,6.2,2.6,4.8,8.3
55.12936345,0,f,37,Consulting,HR,FriendsWithEmployer,no,m,white,bus,5.4,7.6,4.9,2.5,6.7
0.887063655,0,f,30,IT,HR,JobSite,no,m,grey,bus,10,3.4,3.3,4,7.5
13.8973306,1,f,27,Retail,HR,JobSiteVacantPosition,no,m,white,car,8.6,4.8,7.2,4,3.7
49.70841889,0,m,26,Mining,HR,Recommendation,supervisor,m,white,car,7,3.4,4.9,7.9,9
7.12936345,0,f,27,IT,HR,Recommendation,no,m,white,bus,7,6.2,4.1,4.8,8.3
2.792607803,1,f,23,Building,HR,FriendsWithEmployer,no,f,white,bus,7,5.5,4.1,5.6,8.3
9.067761807,0,f,54,Etc,HR,FriendsWithEmployer,no,m,white,car,4.6,8.4,5.7,4,4.4
113.8398357,0,f,21,Retail,HR,JobSite,supervisor,f,white,bus,2.2,4.8,8.7,7.9,5.2
113.8398357,0,f,21,Retail,HR,JobSite,supervisor,f,white,bus,3.8,3.4,8.7,7.1,3.7
66.69404517,0,f,32,Telecom,HR,RecruitingAgency,no,m,white,car,7.8,4.8,2.6,8.7,7.5
66.69404517,0,f,32,Telecom,HR,RecruitingAgency,no,m,white,car,8.6,4.1,1.8,8.7,8.3
92.64887064,0,f,25,Manufacturing,HR,JobSiteVacantPosition,supervisor,f,white,foot,4.6,7.6,9.5,2.5,1.3
92.64887064,0,f,25,Manufacturing,HR,JobSiteVacantPosition,supervisor,f,white,foot,5.4,5.5,7.2,5.6,2.9
57.69199179,0,f,28,Retail,HR,JobSiteVacantPosition,no,f,white,car,5.4,5.5,6.4,2.5,4.4
3.811088296,0,f,33,Retail,HR,JobSiteVacantPosition,no,m,white,bus,1.4,6.9,8,6.3,5.2
106.2176591,0,f,23,Retail,HR,Recommendation,no,m,white,bus,5.4,5.5,5.7,4.8,9.8
19.51540041,0,f,31,Retail,HR,JobSite,supervisor,f,white,bus,5.4,7.6,6.4,4.8,6
19.51540041,0,f,31,Retail,HR,JobSite,supervisor,f,white,bus,6.2,6.2,6.4,4,6
15.11293634,1,f,23,Retail,HR,JobSiteVacantPosition,no,f,white,car,7.8,4.8,3.3,6.3,7.5
22.24229979,0,f,46,IT,HR,FriendsWithEmployer,yes,f,white,bus,3,6.9,6.4,5.6,6
22.24229979,0,f,46,IT,HR,FriendsWithEmployer,yes,f,white,bus,7,6.2,5.7,4.8,4.4
26.80903491,1,f,34,Banking,HR,JobSiteVacantPosition,no,f,white,bus,1.4,6.9,8,4,5.2
5.749486653,0,f,26,Retail,Commercial,JobSite,yes,f,white,bus,3.8,4.8,7.2,5.6,4.4
10.11909651,0,f,30,RealEstate,HR,JobSite,no,m,grey,car,7.8,4.8,3.3,5.6,6.7
10.11909651,0,f,30,RealEstate,HR,JobSite,no,m,grey,car,10,4.1,1.8,6.3,8.3
52.00821355,0,f,29,Retail,HR,JobSite,supervisor,f,white,bus,6.2,6.9,8.7,3.3,2.9
105.8234086,0,f,32,IT,HR,EmployeeRecommendation,no,f,white,bus,4.6,7.6,4.1,4.8,6
3.482546201,0,m,37,IT,IT,JobSiteVacantPosition,no,m,white,foot,4.6,6.2,4.9,6.3,4.4
7.523613963,0,f,39,Etc,HR,JobSiteVacantPosition,no,m,white,bus,7,4.8,6.4,5.6,5.2
16.06570842,0,f,50,Building,HR,Recommendation,no,m,white,bus,6.2,6.2,6.4,3.3,6.7
43.26899384,0,f,51,Consulting,HR,JobSite,no,m,white,bus,3.8,7.6,5.7,6.3,5.2
20.89527721,0,f,33,IT,HR,Recommendation,supervisor,f,white,bus,3.8,6.2,6.4,4.8,6.7
1.18275154,0,f,25,Retail,PR,FriendsWithEmployer,supervisor,f,white,bus,7,9.1,1.8,4.8,6
132.8952772,0,f,32,Manufacturing,HR,Recommendation,no,m,white,bus,3.8,5.5,8.7,3.3,3.7
132.8952772,0,f,32,Manufacturing,HR,Recommendation,no,m,white,bus,3,6.9,6.4,3.3,2.9
93.8973306,0,m,23,Manufacturing,IT,JobSiteVacantPosition,no,m,white,bus,5.4,4.8,5.7,6.3,5.2
21.88090349,0,f,38,Manufacturing,HR,JobSiteVacantPosition,no,f,white,foot,7,1.9,9.5,5.6,6
21.88090349,0,f,38,Manufacturing,HR,JobSiteVacantPosition,no,f,white,foot,6.2,2.6,8.7,6.3,6
21.88090349,0,f,38,Manufacturing,HR,JobSiteVacantPosition,no,f,white,foot,5.4,2.6,10,3.3,3.7
21.88090349,0,f,38,Manufacturing,HR,JobSiteVacantPosition,no,f,white,foot,4.6,5.5,10,2.5,5.2
11.92607803,0,f,27,Retail,HR,JobSiteVacantPosition,supervisor,m,grey,bus,7,4.8,6.4,4.8,7.5
3.416837782,1,f,39,Building,HR,RecruitingAgency,no,m,grey,bus,8.6,4.8,3.3,4,6.7
58.94045175,0,f,29,Etc,HR,Recommendation,supervisor,f,white,bus,6.2,7.6,4.1,4,8.3
23.55646817,0,f,31,Consulting,HR,RecruitingAgency,no,m,grey,car,7,6.9,1.8,6.3,10
16.62422998,0,f,32,Banking,HR,Recommendation,no,m,grey,bus,6.2,2.6,2.6,10,7.5
4.501026694,0,m,24,Consulting,HR,JobSiteVacantPosition,supervisor,m,white,bus,6.2,4.8,6.4,7.1,7.5
36.73100616,0,f,24,PowerGeneration,HR,Recommendation,yes,f,white,bus,4.6,6.9,7.2,5.6,4.4
36.73100616,0,f,24,PowerGeneration,HR,Recommendation,yes,f,white,bus,6.2,4.8,4.9,4.8,3.7
72.57494867,0,m,26,IT,IT,JobSiteVacantPosition,supervisor,f,white,bus,4.6,4.1,6.4,4.8,4.4
52.10677618,0,f,30,Retail,Sales,JobSiteVacantPosition,supervisor,f,white,bus,6.2,4.8,5.7,5.6,8.3
13.5687885,1,f,33,Manufacturing,HR,FriendRecommendation,no,m,white,car,6.2,4.8,2.6,5.6,6.7
6.176591376,1,f,34,Retail,HR,JobSiteVacantPosition,no,f,white,bus,3.8,7.6,8.7,4,4.4
60.25462012,1,f,22,Building,HR,Recommendation,supervisor,f,white,car,6.2,7.6,6.4,2.5,4.4
3.482546201,0,f,28,Manufacturing,HR,JobSiteVacantPosition,no,m,white,bus,3.8,6.2,6.4,5.6,3.7
7.852156057,0,f,41,Retail,HR,Recommendation,no,m,white,bus,1.4,4.8,8.7,5.6,2.1
7.852156057,0,f,41,Retail,HR,Recommendation,no,m,white,bus,3,8.4,8,3.3,2.1
1.80698152,1,m,27,Retail,Sales,JobSite,no,m,white,bus,3,4.1,9.5,7.1,5.2
1.445585216,0,f,29,IT,HR,JobSiteVacantPosition,supervisor,m,white,bus,6.2,6.2,4.9,5.6,6
72.67351129,0,f,35,Etc,HR,JobSiteVacantPosition,no,m,white,car,4.6,4.8,8,6.3,4.4
60.94455852,1,f,25,IT,HR,JobSiteVacantPosition,no,m,white,car,5.4,4.8,6.4,6.3,7.5
44.94455852,0,m,33,Retail,HR,JobSiteVacantPosition,supervisor,f,white,bus,2.2,7.6,6.4,4.8,7.5
90.51334702,1,f,22,IT,HR,FriendsWithEmployer,supervisor,f,white,bus,3,5.5,9.5,6.3,3.7
6.439425051,1,m,24,Manufacturing,Marketing,JobSite,supervisor,m,white,car,7.8,5.5,1.8,6.3,6.7
9.330595483,0,f,23,Banking,HR,JobSite,supervisor,f,white,bus,3.8,6.2,6.4,7.1,5.2
7.195071869,0,m,27,IT,HR,JobSite,no,f,grey,bus,7.8,4.8,3.3,6.3,6.7
24.27926078,0,m,27,Transportation,HR,FriendsWithEmployer,no,f,white,bus,3,7.6,8.7,3.3,2.9
44.55030801,0,f,30,Manufacturing,HR,Recommendation,no,f,white,car,7,5.5,4.1,5.6,6.7
16,1,f,26,HoReCa,HR,FriendsWithEmployer,no,m,white,bus,6.2,2.6,4.9,7.9,6
166.0780287,1,m,30,Banking,Finance,Recommendation,supervisor,m,white,car,3.8,4.8,9.5,4,2.1
51.74537988,0,m,32,Etc,HR,RecruitingAgency,no,f,white,bus,5.4,9.1,4.9,3.3,6.7
59.76180698,0,f,38,Banking,HR,FriendRecommendation,yes,m,white,car,3.8,6.9,4.1,5.6,3.7
30.12731006,0,f,34,Manufacturing,HR,Recommendation,yes,m,white,bus,4.6,5.5,7.2,4.8,6
12.32032854,0,f,26,Retail,HR,JobSite,no,m,white,car,6.2,2.6,8,6.3,7.5
89.36344969,1,f,22,PowerGeneration,HR,FriendRecommendation,no,m,white,bus,7,4.8,4.9,6.3,7.5
74.05338809,1,f,21,Manufacturing,Finance,Recommendation,supervisor,f,white,car,5.4,4.1,6.4,6.3,7.5
45.07597536,0,f,28,IT,HR,FriendRecommendation,no,f,white,bus,6.2,6.9,1.8,5.6,7.5
5.749486653,0,m,32,Manufacturing,HR,RecruitingAgency,no,m,white,bus,2.2,4.1,5.7,8.7,6
20.96098563,1,f,24,Retail,Commercial,JobSiteVacantPosition,supervisor,m,white,bus,4.6,7.6,7.2,3.3,6.7
21.15811088,0,m,49,Retail,Finance,Recommendation,no,m,white,bus,7,4.8,4.9,7.1,6
19.94250513,1,f,23,Manufacturing,Commercial,JobSiteVacantPosition,supervisor,f,white,bus,6.2,3.4,6.4,7.1,2.9
29.24024641,1,f,42,Retail,HR,JobSite,no,m,grey,bus,3.8,5.5,5.7,4.8,3.7
19.35112936,0,f,45,Retail,HR,FriendsWithEmployer,no,f,white,foot,3.8,6.9,8,6.3,5.2
112.788501,0,m,23,Retail,HR,JobSite,no,f,white,car,4.6,1.9,7.2,5.6,7.5
48.62422998,0,f,40,Manufacturing,HR,JobSiteVacantPosition,yes,m,white,bus,6.2,6.2,6.4,5.6,5.2
103.5893224,0,f,25,Retail,HR,JobSiteVacantPosition,no,m,white,bus,7.8,3.4,5.7,5.6,8.3
52.79671458,0,f,29,Retail,HR,JobSite,supervisor,f,white,bus,6.2,6.9,8.7,3.3,2.9
33.67556468,0,m,42,Manufacturing,Engineer,JobSiteVacantPosition,no,m,white,car,1.4,4.1,9.5,7.1,5.2
65.3798768,0,m,32,Etc,HR,FriendRecommendation,no,f,white,car,5.4,5.5,4.9,8.7,7.5
50.0698152,0,f,37,Telecom,HR,JobSite,no,f,white,bus,3.8,8.4,4.9,4,8.3
31.34291581,0,f,22,Consulting,HR,JobSiteVacantPosition,supervisor,f,white,foot,6.2,4.1,8,4,1.3
31.34291581,0,f,22,Consulting,HR,JobSiteVacantPosition,supervisor,f,white,foot,4.6,4.1,9.5,6.3,1.3
142.75154,0,m,27,Retail,Sales,EmployeeRecommendation,no,m,white,car,3.8,6.2,4.1,7.9,5.2
4.1724846,0,f,28,Etc,HR,JobSiteVacantPosition,no,m,white,bus,3.8,6.2,6.4,5.6,3.7
49.47843943,0,m,31,Retail,Consulting,JobSiteVacantPosition,no,f,white,bus,5.4,4.8,2.6,8.7,9.8
2.135523614,0,m,38,Manufacturing,HR,RecruitingAgency,no,f,white,car,5.4,4.1,8,7.1,8.3
2.135523614,0,m,38,Manufacturing,HR,RecruitingAgency,no,f,white,car,3,5.5,7.2,7.9,6
75.8275154,0,f,23,Telecom,HR,Recommendation,supervisor,f,white,bus,2.2,6.2,8.7,4,2.1
67.4825462,0,f,36,Retail,HR,RecruitingAgency,no,f,white,bus,4.6,6.9,3.3,6.3,9
9.133470226,0,f,22,IT,HR,JobSiteVacantPosition,supervisor,m,white,bus,7.8,8.4,2.6,4,6.7
9.133470226,0,f,22,IT,HR,JobSiteVacantPosition,supervisor,m,white,bus,7.8,7.6,3.3,4.8,6.7
33.28131417,0,f,40,State,HR,FriendsWithEmployer,no,f,white,bus,3,6.9,8,4,3.7
32,0,f,22,IT,IT,JobSite,supervisor,m,white,foot,7,3.4,4.9,7.1,6.7
53.42094456,0,m,37,Mining,Law,FriendsWithEmployer,no,m,white,car,3,4.8,4.1,7.1,7.5
45.5687885,1,f,25,Mining,HR,RecruitingAgency,yes,f,white,foot,7,6.2,6.4,4,5.2
9.757700205,0,m,37,Retail,Sales,FriendsWithEmployer,supervisor,m,white,bus,6.2,4.1,4.9,7.9,6.7
14.55441478,0,m,30,Telecom,Sales,JobSite,supervisor,f,grey,car,5.4,2.6,3.3,7.9,6
8.837782341,0,f,24,Banking,HR,JobSiteVacantPosition,yes,f,white,bus,4.6,6.2,5.7,6.3,6.7
12.78028747,1,f,35,Consulting,Consulting,FriendsWithEmployer,no,f,white,bus,5.4,5.5,3.3,4.8,6.7
14.48870637,0,m,30,Retail,Commercial,FriendRecommendation,no,m,grey,car,3.8,4.1,8.7,4.8,5.2
14.48870637,0,m,30,Retail,Commercial,FriendRecommendation,no,m,grey,car,5.4,3.4,9.5,6.3,3.7
14.48870637,0,m,30,Etc,Commercial,FriendRecommendation,no,m,grey,car,3.8,4.1,8.7,4.8,5.2
14.48870637,0,m,30,Etc,Commercial,FriendRecommendation,no,m,grey,car,5.4,3.4,9.5,6.3,3.7
1.675564682,0,m,36,Telecom,HR,FriendsWithEmployer,supervisor,f,white,car,5.4,4.8,6.4,4.8,6.7
113.0513347,0,f,30,Banking,HR,Recommendation,yes,f,white,car,4.6,6.9,4.1,6.3,7.5
48.6899384,0,f,25,IT,HR,JobSiteVacantPosition,yes,f,white,bus,6.2,3.4,7.2,2.5,3.7
48.6899384,0,f,25,IT,HR,JobSiteVacantPosition,yes,f,white,bus,6.2,5.5,7.2,7.1,4.4
29.30595483,1,f,25,IT,HR,JobSite,yes,f,white,bus,6.2,8.4,5.7,4,6
13.10882957,1,f,26,Agriculture,HR,FriendsWithEmployer,no,f,white,car,3,3.4,6.4,7.1,6
7.12936345,1,f,21,Consulting,HR,JobSiteVacantPosition,supervisor,m,white,bus,5.4,6.9,7.2,2.5,4.4
54.9650924,0,m,22,Banking,IT,FriendsWithEmployer,supervisor,m,white,bus,5.4,5.5,6.4,7.9,6
74.74332649,1,f,25,Retail,HR,JobSiteVacantPosition,no,m,white,car,4.6,2.6,8,4,2.9
84.89527721,0,f,31,IT,HR,JobSiteVacantPosition,no,f,white,car,4.6,3.4,7.2,7.1,4.4
35.94250513,0,m,33,Consulting,Consulting,JobSiteVacantPosition,yes,m,white,bus,5.4,4.8,2.6,7.9,9
50.23408624,0,f,38,Etc,HR,FriendsWithEmployer,no,m,white,bus,7.8,7.6,2.6,5.6,7.5
57.52772074,0,m,24,State,IT,JobSite,supervisor,m,white,bus,6.2,3.4,2.6,7.1,5.2
4.76386037,0,m,30,Retail,HR,JobSiteVacantPosition,no,m,white,bus,7.8,2.6,4.1,8.7,6.7
30.71868583,0,f,32,Manufacturing,HR,JobSiteVacantPosition,no,m,white,bus,4.6,2.6,7.2,6.3,5.2
55.95071869,0,f,28,Mining,HR,JobSite,supervisor,f,white,car,5.4,4.8,4.9,7.9,5.2
58.4476386,0,m,24,Etc,Marketing,Recommendation,supervisor,f,white,bus,6.2,5.5,3.3,7.9,6.7
38.89938398,0,m,36,Manufacturing,Management,FriendsWithEmployer,no,m,white,car,4.6,4.8,4.1,7.1,10
9.49486653,0,f,26,IT,IT,JobSite,no,m,white,foot,6.2,5.5,5.7,6.3,5.2
42.57905544,0,f,26,Banking,HR,JobSiteVacantPosition,no,f,white,car,6.2,6.2,5.7,5.6,7.5
42.57905544,0,f,26,Banking,HR,JobSiteVacantPosition,no,f,white,car,6.2,7.6,4.1,4.8,9
114.8583162,1,f,26,Retail,HR,RecruitingAgency,no,f,white,bus,7,5.5,4.9,4.8,7.5
18.7926078,0,m,30,Banking,Marketing,JobSiteVacantPosition,no,m,white,bus,7,2.6,4.1,8.7,9
10.51334702,0,m,37,Retail,Sales,FriendsWithEmployer,supervisor,m,white,bus,6.2,4.1,4.9,7.9,6.7
51.08829569,1,f,31,PowerGeneration,HR,JobSiteVacantPosition,no,f,white,bus,6.2,2.6,4.9,6.3,6.7
40.47638604,0,m,26,Transportation,Etc,EmployeeRecommendation,supervisor,m,white,bus,6.2,3.4,5.7,6.3,7.5
5.420944559,1,m,44,Manufacturing,BusinessDevelopment,JobSiteVacantPosition,no,m,white,car,3,6.2,10,4,3.7
71.22792608,1,f,23,Consulting,HR,JobSite,no,f,white,bus,3.8,4.1,8,7.9,5.2
15.34291581,0,m,33,PowerGeneration,Management,FriendsWithEmployer,no,m,white,bus,4.6,6.2,9.5,5.6,4.4
21.48665298,0,f,31,State,Etc,Advertising,no,f,white,foot,9.4,5.5,3.3,3.3,5.2
12.32032854,0,m,36,Manufacturing,HR,FriendsWithEmployer,no,m,white,bus,7,4.8,4.1,4,4.4
3.252566735,1,f,39,Manufacturing,HR,JobSiteVacantPosition,no,m,white,bus,2.2,9.8,7.2,3.3,2.1
11.79466119,0,f,29,Retail,HR,RecruitingAgency,supervisor,f,white,bus,4.6,4.1,8.7,4.8,4.4
108.8788501,1,f,32,Banking,HR,FriendRecommendation,no,m,white,bus,7.8,7.6,4.1,1.7,5.2
21.88090349,0,f,41,Retail,HR,JobSiteVacantPosition,no,m,grey,car,7.8,7.6,4.1,1.7,5.2
37.32238193,0,m,25,Etc,Etc,EmployeeRecommendation,yes,m,white,car,4.6,5.5,8.7,4,3.7
23.95071869,1,m,34,Banking,BusinessDevelopment,EmployeeRecommendation,no,m,white,bus,9.4,4.8,4.1,7.1,5.2
23.95071869,1,m,34,Banking,BusinessDevelopment,EmployeeRecommendation,no,m,white,bus,7.8,4.8,3.3,7.1,5.2
51.31827515,0,f,43,Pharma,HR,JobSiteVacantPosition,no,f,white,car,4.6,5.5,3.3,7.9,7.5
15.60574949,0,m,54,Retail,Sales,JobSite,supervisor,m,white,bus,7.8,2.6,4.9,8.7,7.5
1.149897331,0,m,30,IT,Sales,FriendRecommendation,no,f,white,foot,7.8,3.4,1.8,7.1,7.5
51.8110883,0,f,23,Etc,HR,JobSiteVacantPosition,supervisor,f,white,bus,7,8.4,4.9,3.3,6.7
61.79876797,1,m,22,IT,IT,JobSiteVacantPosition,no,m,white,bus,3.8,7.6,4.9,5.6,6
45.43737166,0,f,35,Etc,HR,Recommendation,no,f,white,bus,6.2,5.5,4.9,6.3,6
17.24845996,0,f,37,Building,HR,Recommendation,no,m,white,bus,6.2,2.6,7.2,7.1,2.9
25.98767967,0,m,23,Consulting,Marketing,Advertising,supervisor,m,white,foot,6.2,6.2,7.2,4.8,5.2
19.05544148,0,f,26,IT,HR,JobSiteVacantPosition,yes,m,grey,bus,3.8,3.4,8.7,7.1,6
29.70020534,0,m,47,IT,Consulting,Recommendation,no,m,white,bus,1.4,5.5,6.4,10,5.2
29.70020534,0,m,47,IT,Consulting,Recommendation,no,m,white,bus,2.2,5.5,7.2,9.4,6
59.86036961,1,f,27,Retail,HR,JobSiteVacantPosition,supervisor,f,white,car,6.2,6.9,4.1,5.6,6
51.84394251,0,f,34,IT,BusinessDevelopment,FriendsWithEmployer,supervisor,m,white,car,4.6,4.1,4.9,9.4,6.7
58.97330595,0,m,25,Retail,Etc,JobSiteVacantPosition,no,f,white,bus,4.6,4.8,6.4,7.9,6.7
85.48665298,0,m,29,Retail,Finance,JobSiteVacantPosition,yes,m,white,bus,3.8,2.6,9.5,7.1,2.1
118.899384,1,f,31,Telecom,HR,Recommendation,no,m,white,bus,9.4,8.4,3.3,3.3,8.3
32.32854209,1,f,31,Transportation,HR,JobSite,no,m,white,bus,7,4.8,6.4,2.5,4.4
38.86652977,1,f,32,Manufacturing,HR,JobSite,no,m,white,car,5.4,4.8,7.2,4,8.3
56.77207392,1,f,36,Etc,HR,JobSiteVacantPosition,no,m,white,bus,4.6,4.1,6.4,7.1,2.1
56.77207392,1,f,36,Etc,HR,JobSiteVacantPosition,no,m,white,bus,5.4,3.4,6.4,4.8,2.9
9.691991786,0,f,34,Retail,HR,JobSiteVacantPosition,supervisor,f,grey,car,4.6,4.8,4.1,7.1,9
7.950718686,0,f,39,Manufacturing,HR,JobSite,no,m,white,bus,7.8,4.1,2.6,7.9,6.7
8.87063655,1,f,38,Building,HR,JobSite,yes,f,grey,bus,3.8,4.1,5.7,4.8,9
8.27926078,1,m,29,Retail,Sales,FriendsWithEmployer,supervisor,m,white,bus,8.6,4.8,2.6,8.7,7.5
8.772073922,0,f,32,Retail,HR,Recommendation,no,m,grey,car,6.2,4.8,5.7,4,7.5
3.121149897,0,f,32,IT,IT,JobSiteVacantPosition,supervisor,m,white,car,9.4,6.2,4.1,4.8,7.5
3.121149897,0,f,32,IT,IT,JobSiteVacantPosition,supervisor,m,white,car,7,6.2,5.7,4.8,5.2
33.01848049,0,f,23,Etc,Etc,JobSiteVacantPosition,no,f,white,bus,5.4,6.2,7.2,3.3,2.1
5.815195072,1,f,25,Retail,Management,Recommendation,no,m,white,bus,4.6,5.5,6.4,5.6,7.5
5.256673511,1,m,34,IT,Sales,FriendsWithEmployer,no,m,white,car,3,6.2,8,4.8,2.9
19.18685832,0,f,43,Consulting,Consulting,JobSite,yes,m,white,foot,6.2,5.5,3.3,7.9,9
8.180698152,0,m,30,IT,IT,JobSite,supervisor,m,white,car,3.8,5.5,2.6,9.4,3.7
27.86036961,0,f,31,Manufacturing,HR,EmployeeRecommendation,supervisor,f,white,car,9.4,5.5,2.6,4.8,5.2
3.318275154,0,f,25,Banking,HR,JobSiteVacantPosition,yes,m,white,car,7,2.6,4.9,7.9,5.2
11.72895277,0,f,22,Consulting,Management,JobSiteVacantPosition,supervisor,m,white,bus,7,4.8,5.7,7.1,7.5
27.56468172,0,m,41,Agriculture,Etc,JobSiteVacantPosition,no,f,white,car,3.8,6.9,2.6,7.1,6.7
36.33675565,0,f,32,Manufacturing,HR,RecruitingAgency,no,m,white,bus,7,9.1,3.3,2.5,6
78.91581109,1,m,21,Retail,Management,FriendsWithEmployer,no,f,grey,foot,4.6,6.9,4.9,7.1,6
23.45790554,0,f,29,Etc,HR,Recommendation,no,f,white,car,6.2,9.1,4.1,3.3,6.7
23.45790554,0,f,29,Etc,HR,Recommendation,no,f,white,car,7,7.6,3.3,3.3,6.7
132.4024641,0,m,25,Retail,IT,JobSite,supervisor,m,white,bus,4.6,6.9,2.6,4.8,6
45.79876797,1,f,27,Etc,HR,JobSiteVacantPosition,supervisor,f,white,bus,3.8,9.1,4.1,4.8,4.4
32.45995893,1,f,32,Banking,HR,JobSiteVacantPosition,no,m,white,bus,3.8,4.1,6.4,7.9,6.7
45.53593429,1,m,39,Mining,Etc,FriendsWithEmployer,no,m,white,foot,3.8,6.9,4.1,7.1,7.5
43.4661191,0,m,28,Manufacturing,HR,JobSiteVacantPosition,supervisor,f,white,car,6.2,3.4,4.9,6.3,6.7
97.44558522,0,f,28,Banking,Sales,RecruitingAgency,no,m,white,car,7.8,4.8,3.3,6.3,7.5
25.33059548,0,f,32,Retail,HR,FriendRecommendation,yes,m,white,bus,8.6,3.4,3.3,6.3,2.1
29.96303901,0,m,32,IT,IT,JobSite,supervisor,m,white,bus,3.8,7.6,4.9,4.8,4.4
52.73100616,1,f,45,Manufacturing,HR,RecruitingAgency,no,m,grey,bus,5.4,4.1,8,4.8,3.7
52.73100616,1,f,45,Manufacturing,HR,RecruitingAgency,no,m,grey,bus,5.4,5.5,5.7,4,8.3
52.73100616,1,f,45,Manufacturing,HR,RecruitingAgency,no,m,grey,bus,3.8,8.4,5.7,3.3,7.5
20.46817248,0,f,31,Consulting,HR,JobSiteVacantPosition,supervisor,m,white,bus,2.2,6.9,6.4,4.8,2.1
42.94045175,1,m,23,Banking,HR,Recommendation,supervisor,f,white,bus,4.6,7.6,5.7,4,5.2
89.36344969,1,f,22,PowerGeneration,HR,FriendRecommendation,no,m,white,bus,7,4.8,4.9,6.3,7.5
90.90759754,0,m,32,IT,IT,EmployeeRecommendation,yes,m,white,car,7,4.1,4.1,5.6,6
9.921971253,0,f,20,IT,IT,JobSite,supervisor,m,white,bus,9.4,4.8,2.6,4.8,9
16.49281314,0,f,34,Retail,HR,JobSiteVacantPosition,no,f,white,car,9.4,5.5,1.8,4.8,6.7
51.87679671,1,f,19,Agriculture,Etc,EmployeeRecommendation,no,m,white,car,9.4,6.2,3.3,4,6
34.95687885,0,m,38,Retail,Sales,RecruitingAgency,no,m,white,bus,7,2.6,6.4,5.6,5.2
95.96714579,0,f,33,Retail,BusinessDevelopment,FriendsWithEmployer,supervisor,m,white,foot,4.6,3.4,6.4,6.3,6.7
0.755646817,1,f,43,Retail,HR,JobSite,no,f,white,bus,7,5.5,4.1,4,5.2
16.65708419,0,f,38,Manufacturing,HR,FriendsWithEmployer,supervisor,f,white,bus,5.4,4.8,5.7,4,3.7
17.41273101,1,f,27,Retail,HR,JobSiteVacantPosition,yes,f,grey,car,7.8,5.5,5.7,6.3,6
79.54004107,0,m,34,HoReCa,IT,EmployeeRecommendation,no,m,white,bus,3.8,5.5,6.4,4,4.4
86.83367556,1,m,24,Mining,Engineer,EmployeeRecommendation,no,m,white,bus,3.8,6.2,8,4,2.9
59.00616016,1,m,36,Retail,Etc,JobSite,no,m,white,bus,3.8,4.1,8.7,6.3,5.2
46.22587269,1,m,29,Etc,PR,FriendsWithEmployer,no,m,white,bus,7,6.2,2.6,6.3,7.5
153.100616,0,m,43,IT,Sales,Recommendation,no,m,white,car,6.2,3.4,4.9,7.9,5.2
7.162217659,0,f,39,Transportation,HR,FriendsWithEmployer,no,f,white,bus,3,7.6,7.2,4,7.5
7.162217659,0,f,39,Transportation,HR,FriendsWithEmployer,no,f,white,bus,1.4,8.4,8,4.8,6
6.800821355,0,m,31,IT,IT,JobSiteVacantPosition,no,m,white,bus,7.8,3.4,1.8,8.7,6.7
79.80287474,0,m,34,IT,IT,EmployeeRecommendation,no,m,grey,bus,3.8,5.5,6.4,4,4.4
94.78439425,0,f,31,Retail,HR,EmployeeRecommendation,yes,m,white,foot,6.2,6.2,3.3,4,9
94.78439425,0,f,31,Retail,HR,EmployeeRecommendation,yes,m,white,foot,5.4,6.2,4.9,6.3,7.5
59.17043121,0,f,22,Retail,HR,JobSiteVacantPosition,yes,f,white,bus,8.6,4.8,2.6,7.1,8.3
11.00616016,1,m,41,Consulting,HR,JobSiteVacantPosition,no,m,white,bus,3.8,4.1,6.4,9.4,6
6.800821355,0,m,25,Manufacturing,HR,FriendsWithEmployer,no,f,white,bus,5.4,4.8,6.4,7.1,8.3
26.67761807,0,f,19,IT,HR,JobSiteVacantPosition,yes,f,white,bus,7,2.6,6.4,7.1,2.1
11.56468172,0,m,41,IT,IT,JobSiteVacantPosition,no,m,white,foot,5.4,4.1,4.9,7.9,7.5
53.35523614,0,f,27,IT,HR,JobSiteVacantPosition,no,m,white,bus,3,5.5,6.4,6.3,4.4
12.5174538,0,m,48,Manufacturing,Marketing,FriendsWithEmployer,no,m,white,bus,1.4,6.9,6.4,8.7,6
6.669404517,0,f,27,Banking,HR,JobSiteVacantPosition,no,f,white,bus,9.4,5.5,3.3,4,7.5
10.61190965,0,f,41,Banking,HR,Recommendation,supervisor,m,white,bus,8.6,3.4,2.6,4.8,8.3
10.61190965,0,f,41,Banking,HR,Recommendation,supervisor,m,white,bus,8.6,3.4,2.6,4.8,8.3
118.8008214,0,f,34,Telecom,Accounting,RecruitingAgency,no,f,white,bus,4.6,5.5,7.2,6.3,3.7
49.41273101,0,f,51,Consulting,HR,JobSite,no,m,grey,bus,3.8,7.6,5.7,6.3,5.2
24.83778234,0,f,29,Retail,HR,JobSiteVacantPosition,no,f,white,car,9.4,1.2,4.1,5.6,6.7
